file,year,tier,title,authors,doi,source,pdf_url,bytes
2008_045_The privacy implications of Bluetooth.pdf,2008,3,The privacy implications of Bluetooth,Vassilis Kostakos,,arxiv,https://arxiv.org/pdf/0804.3752v1,150217
2010_046_Securing Our Bluetooth Mobiles From Intruder Attack Using Enhanced Authentication Scheme A.pdf,2010,3,Securing Our Bluetooth Mobiles From Intruder Attack Using Enhanced Authentication Scheme And Plausible Exchange Algorithm,Ms. A. Rathika; Ms. R. Saranya; Ms. R. Iswarya,,arxiv,https://arxiv.org/pdf/1003.1806v1,665647
2010_047_Secure Architecture for M-Learning Bluetooth Services.pdf,2010,3,Secure Architecture for M-Learning Bluetooth Services,Catalin BOJA; Lorena BATAGAN; Alin ZAMFIROIU,,doaj,"http://revistaie.ase.ro/content/55/1004%20-%20Boja,%20Batagan.pdf",335553
2012_042_A Novel Bluetooth Man-In-The-Middle Attack Based On SSP using OOB Association model.pdf,2012,3,A Novel Bluetooth Man-In-The-Middle Attack Based On SSP using OOB Association model,K. Saravanan; L. Vijayanand; R. K. Negesh,,arxiv,https://arxiv.org/pdf/1203.4649v1,646431
2012_044_Security Threats Analysis in Bluetooth-Enabled Mobile Devices.pdf,2012,3,Security Threats Analysis in Bluetooth-Enabled Mobile Devices,Robayet Nasim,10.5121/ijnsa.2012.4303,arxiv,https://arxiv.org/pdf/1206.1482v1,766803
2015_041_Bluetooth Data Exchange Between Android Phones Without Pairing.pdf,2015,3,Bluetooth Data Exchange Between Android Phones Without Pairing,Yakov Shafranovich,,arxiv,https://arxiv.org/pdf/1507.00650v2,412792
2015_043_Location-aware sign-on and key exchange using attribute-based encryption and Bluetooth bea.pdf,2015,3,Location-aware sign-on and key exchange using attribute-based encryption and Bluetooth beacons,Marcos Portnoi; Chien-Chung Shen,10.1109/CNS.2013.6682750,arxiv,https://arxiv.org/pdf/1504.07192v1,405262
2018_039_A Study of the Feasibility of Co-located App Attacks against BLE and a Large-Scale Analysi.pdf,2018,3,A Study of the Feasibility of Co-located App Attacks against BLE and a Large-Scale Analysis of the Current Application-Layer Security Landscape,Pallavi Sivakumaran; Jorge Blasco,,arxiv,https://arxiv.org/pdf/1808.03778v3,635327
2019_007_Bluemergency Mediating Post-disaster Communication Systems using the Internet of Things an.pdf,2019,1,Bluemergency: Mediating Post-disaster Communication Systems using the Internet of Things and Bluetooth Mesh,Flor Álvarez; Lars Almon; Hauke Radtki; Matthias Hollick,,arxiv,https://arxiv.org/pdf/1909.08094v1,1178902
"2019_008_Understanding the Performance of Bluetooth Mesh Reliability, Delay and Scalability Analysi.pdf",2019,1,"Understanding the Performance of Bluetooth Mesh: Reliability, Delay and Scalability Analysis",Raúl Rondón; Aamir Mahmood; Simone Grimaldi; Mikael Gidlund,,arxiv,https://arxiv.org/pdf/1910.03345v1,7048682
2019_013_Bluetooth Mesh under the Microscope How much ICN is Inside.pdf,2019,2,Bluetooth Mesh under the Microscope: How much ICN is Inside?,Hauke Petersen; Peter Kietzmann; Cenk Gündoğan; Thomas C. Schmidt; Matthias Wählisch,10.1145/3357150.3357398,arxiv,https://arxiv.org/pdf/1908.09505v1,2829207
2019_037_Handoff All Your Privacy A Review of Apple's Bluetooth Low Energy Continuity Protocol.pdf,2019,3,Handoff All Your Privacy: A Review of Apple's Bluetooth Low Energy Continuity Protocol,Jeremy Martin; Douglas Alpuche; Kristina Bodeman; Lamont Brown; Ellis Fenske; Lucas Foppe; Travis Mayberry; Erik C. Rye; Brandon Sipes; Sam Teplov,,arxiv,https://arxiv.org/pdf/1904.10600v2,715059
2019_040_On the (In)security of Bluetooth Low Energy One-Way Secure Connections Only Mode.pdf,2019,3,On the (In)security of Bluetooth Low Energy One-Way Secure Connections Only Mode,Yue Zhang; Jian Weng; Rajib Dey; Yier Jin; Zhiqiang Lin; Xinwen Fu,,arxiv,https://arxiv.org/pdf/1908.10497v2,2339561
2020_036_BLURtooth Exploiting Cross-Transport Key Derivation in Bluetooth Classic and Bluetooth Low.pdf,2020,3,BLURtooth: Exploiting Cross-Transport Key Derivation in Bluetooth Classic and Bluetooth Low Energy,Daniele Antonioli; Nils Ole Tippenhauer; Kasper Rasmussen; Mathias Payer,,arxiv,https://arxiv.org/pdf/2009.11776v2,2673910
2020_038_MagicPairing Apple's Take on Securing Bluetooth Peripherals.pdf,2020,3,MagicPairing: Apple's Take on Securing Bluetooth Peripherals,Dennis Heinze; Jiska Classen; Felix Rohrbach,10.1145/3395351.3399343,arxiv,https://arxiv.org/pdf/2005.07255v1,3632309
2021_002_Infrastructure-less Wireless Connectivity for Mobile Robotic Systems in Logistics Why Blue.pdf,2021,1,Infrastructure-less Wireless Connectivity for Mobile Robotic Systems in Logistics: Why Bluetooth Mesh Networking is Important?,Adnan Aijaz,,arxiv,https://arxiv.org/pdf/2107.05563v1,588523
2021_009_Demystifying the Performance of Bluetooth Mesh Experimental Evaluation and Optimization.pdf,2021,2,Demystifying the Performance of Bluetooth Mesh: Experimental Evaluation and Optimization,Adnan Aijaz; Aleksandar Stanoev; Dominic London; Victor Marot,,arxiv,https://arxiv.org/pdf/2106.04230v1,552203
2021_032_An Enhanced Passkey Entry Protocol for Secure Simple Pairing in Bluetooth.pdf,2021,3,An Enhanced Passkey Entry Protocol for Secure Simple Pairing in Bluetooth,Sai Swaroop Madugula; Ruizhong Wei,,arxiv,https://arxiv.org/pdf/2101.09381v1,1098739
2021_034_Privacy-Preserving and Sustainable Contact Tracing Using Batteryless Bluetooth Low-Energy.pdf,2021,3,Privacy-Preserving and Sustainable Contact Tracing Using Batteryless Bluetooth Low-Energy Beacons,Pietro Tedeschi; Kang Eun Jeon; James She; Simon Wong; Spiridon Bakiras; Roberto Di Pietro,10.1109/MSEC.2021.3115497,arxiv,https://arxiv.org/pdf/2103.06221v2,2152851
2021_035_Who Can Find My Devices Security and Privacy of Apple's Crowd-Sourced Bluetooth Location T.pdf,2021,3,Who Can Find My Devices? Security and Privacy of Apple's Crowd-Sourced Bluetooth Location Tracking System,Alexander Heinrich; Milan Stute; Tim Kornhuber; Matthias Hollick,,arxiv,https://arxiv.org/pdf/2103.02282v1,2499440
"2022_001_Bluetooth Low Energy mesh network for power-limited, robust and reliable IoT services.pdf",2022,1,"Bluetooth Low Energy mesh network for power-limited, robust and reliable IoT services",Davide Villa; Chih-Kuang Lin; Adam Kuenzi; Michael Lang,,arxiv,https://arxiv.org/pdf/2208.04050v1,641100
2022_010_Practical Challenges And Pitfalls Of Bluetooth Mesh Data Collection Experiments With Esp-3.pdf,2022,2,Practical Challenges And Pitfalls Of Bluetooth Mesh Data Collection Experiments With Esp-32 Microcontrollers,Marcelo Paulon J. V.; Bruno José Olivieri de Souza; Thiago de Souza Lamenza; Markus Endler,,arxiv,https://arxiv.org/pdf/2211.10696v1,3115261
2022_025_An Improved Authentication Scheme for BLE Devices with no IO Capabilities.pdf,2022,3,An Improved Authentication Scheme for BLE Devices with no I/O Capabilities,Chandranshu Gupta; Gaurav Varshney,10.1016/j.comcom.2023.01.001,arxiv,https://arxiv.org/pdf/2204.13640v1,1557696
2022_026_An algebraic attack to the Bluetooth stream cipher E0.pdf,2022,3,An algebraic attack to the Bluetooth stream cipher E0,Roberto La Scala; Sergio Polese; Sharwan K. Tiwari; Andrea Visconti,,arxiv,https://arxiv.org/pdf/2201.01262v2,468235
2022_027_Analog Physical-Layer Relay Attacks with Application to Bluetooth and Phase-Based Ranging.pdf,2022,3,Analog Physical-Layer Relay Attacks with Application to Bluetooth and Phase-Based Ranging,Paul Staat; Kai Jansen; Christian Zenger; Harald Elders-Boll; Christof Paar,,arxiv,https://arxiv.org/pdf/2202.06554v2,2966307
2022_028_BLEWhisperer Exploiting BLE Advertisements for Data Exfiltration.pdf,2022,3,BLEWhisperer: Exploiting BLE Advertisements for Data Exfiltration,Ankit Gangwal; Shubham Singh; Riccardo Spolaor; Abhijeet Srivastava,,arxiv,https://arxiv.org/pdf/2204.08042v2,1102307
2022_029_ATLAS An IoT Architecture and Secure Open-source Networking Stack for Anonymous Localizati.pdf,2022,3,ATLAS: An IoT Architecture and Secure Open-source Networking Stack for Anonymous Localization and Tracking Using Smartphones and Bluetooth Beacons,Bharath Srinivas Prabakaran; Felix Fasching; Juri Schreib; Andreas Steininger; Muhammad Shafique,,arxiv,https://arxiv.org/pdf/2212.10289v1,2122102
2022_030_Blockchain Technology to Secure Bluetooth.pdf,2022,3,Blockchain Technology to Secure Bluetooth,Athanasios Kalogiratos; Ioanna Kantzavelou,,arxiv,https://arxiv.org/pdf/2211.06451v1,2720960
2022_031_Privacy Analysis of Samsung's Crowd-Sourced Bluetooth Location Tracking System.pdf,2022,3,Privacy Analysis of Samsung's Crowd-Sourced Bluetooth Location Tracking System,Tingfeng Yu; James Henderson; Alwen Tiu; Thomas Haines,,arxiv,https://arxiv.org/pdf/2210.14702v2,1011036
2022_033_Secure system based on UAV and BLE for improving SAR missions.pdf,2022,3,Secure system based on UAV and BLE for improving SAR missions,Moisés Lodeiro-Santiago; Ivan Santos-Gonzalez; Pino Caballero-Gil; Candido Caballero-Gil,10.1007/s12652-017-0603-4,arxiv,https://arxiv.org/pdf/2208.07700v1,3595820
2023_005_Tamarin-based Analysis of Bluetooth Uncovers Two Practical Pairing Confusion Attacks.pdf,2023,1,Tamarin-based Analysis of Bluetooth Uncovers Two Practical Pairing Confusion Attacks,Claverie; Avoine; Delaune; Lopes Esteves,10.1007/978-3-031-51479-1_6,author,https://people.irisa.fr/Stephanie.Delaune/PUBLICATIONS/CADL-esorics23.pdf,521494
2023_011_Latency and Power Consumption in 2.4 GHz IoT Wireless Mesh Nodes An Experimental Evaluatio.pdf,2023,2,Latency and Power Consumption in 2.4 GHz IoT Wireless Mesh Nodes: An Experimental Evaluation of Bluetooth Mesh and Wirepas Mesh,Silvano Cortesi; Christian Vogt; Elio Reinschmidt; Michele Magno,10.1109/WiMob58348.2023.10187799,arxiv,https://arxiv.org/pdf/2310.14681v1,6251007
2023_024_BLE Protocol in IoT Devices and Smart Wearable Devices Security and Privacy Threats.pdf,2023,3,BLE Protocol in IoT Devices and Smart Wearable Devices: Security and Privacy Threats,Tushar Nagrare; Parul Sindhwad; Faruk Kazi,,arxiv,https://arxiv.org/pdf/2301.03852v2,5328757
2024_003_BlueSWAT A Lightweight State-Aware Security Framework for Bluetooth Low Energy.pdf,2024,1,BlueSWAT: A Lightweight State-Aware Security Framework for Bluetooth Low Energy,Wu et al.,10.48550/arXiv.2405.17987,arxiv,https://arxiv.org/pdf/2405.17987,1187533
2024_021_Securing Bluetooth Low Energy A Literature Review.pdf,2024,3,Securing Bluetooth Low Energy: A Literature Review,Zhe Wang,,arxiv,https://arxiv.org/pdf/2404.16846v1,275794
2024_022_Securing the Invisible Thread A Comprehensive Analysis of BLE Tracker Security in Apple Ai.pdf,2024,3,Securing the Invisible Thread: A Comprehensive Analysis of BLE Tracker Security in Apple AirTags and Samsung SmartTags,Hosam Alamleh; Michael Gogarty; David Ruddell; Ali Abdullah S. AlQahtani,,arxiv,https://arxiv.org/pdf/2401.13584v1,513061
2024_023_Cybersecurity Assessment of the Polar Bluetooth Low Energy Heart-rate Sensor.pdf,2024,3,Cybersecurity Assessment of the Polar Bluetooth Low Energy Heart-rate Sensor,Smone Soderi,10.1007/978-3-030-34833-5_20,arxiv,https://arxiv.org/pdf/2404.16117v1,595268
2025_004_Bluetooth SIG Mesh Security Overview v2.pdf,2025,1,Bluetooth SIG Mesh Security Overview v2,Bluetooth SIG Mesh Working Group,,bluetooth-sig,https://www.bluetooth.com/wp-content/uploads/2025/10/MeshSecurityOverview_INFO_v2.pdf,502949
2025_006_Context-Aware Hybrid Routing in Bluetooth Mesh Networks Using Multi-Model Machine Learning.pdf,2025,2,Context-Aware Hybrid Routing in Bluetooth Mesh Networks Using Multi-Model Machine Learning and AODV Fallback,Md Sajid Islam; Tanvir Hasan,,arxiv,https://arxiv.org/pdf/2509.21490v1,724407
2025_015_Backscattering-Based Security in Wireless Power Transfer Applied to Battery-Free BLE Senso.pdf,2025,3,Backscattering-Based Security in Wireless Power Transfer Applied to Battery-Free BLE Sensors,Taki Eddine Djidjekh; Gaël Loubet; Alexandru Takacs,,arxiv,https://arxiv.org/pdf/2507.13042v1,730561
2025_018_What You Code Is What We Prove Translating BLE App Logic into Formal Models with LLMs for.pdf,2025,3,What You Code Is What We Prove: Translating BLE App Logic into Formal Models with LLMs for Vulnerability Detection,Biwei Yan; Yue Zhang; Minghui Xu; Runyu Pan; Jinku Li; Xiuzhen Cheng,,arxiv,https://arxiv.org/pdf/2509.09291v1,2276828
2025_020_Stealtooth Breaking Bluetooth Security Abusing Silent Automatic Pairing.pdf,2025,3,Stealtooth: Breaking Bluetooth Security Abusing Silent Automatic Pairing,Keiichiro Kimura; Hiroki Kuzuno; Yoshiaki Shiraishi; Masakatu Morii,,arxiv,https://arxiv.org/pdf/2507.00847v2,952160
2026_012_A Study of Bluetooth Access Control Based on NFT Soft Pairing.pdf,2026,3,A Study of Bluetooth Access Control Based on NFT Soft Pairing,Zhiming Liang; Bin Chen; Ruijun Wu; Zhe Peng; Chen Sun; Shuo Wang,,arxiv,https://arxiv.org/pdf/2608.22754v1,590027
2026_014_Plug-and-Play Quantum-Resistant BLE Pairing for Medical Implants via NFC Out-of-Band.pdf,2026,3,Plug-and-Play Quantum-Resistant BLE Pairing for Medical Implants via NFC Out-of-Band,Muhammad Asim Javaid; Muhammad Shafay Tanveer Hassan; Faaiz Umer; Sotirios Panagiotou; Christos Strydis; Naveed Anwar Bhatti; Muhammad Adeel Pasha; Muhammad Ali Siddiqi,,arxiv,https://arxiv.org/pdf/2610.07870v1,10366023
2026_016_Design and Performance Evaluation of a BLE-Based IoT Authentication System.pdf,2026,3,Design and Performance Evaluation of a BLE-Based IoT Authentication System,Nitesh Yadav; Vashisht Kumar; Sachin Kadam,,arxiv,https://arxiv.org/pdf/2605.02381v1,3379997
2026_017_Secure Polarization-Shift Backscatter Identification Applied to Battery-Free BLE Sensors P.pdf,2026,3,Secure Polarization-Shift Backscatter Identification Applied to Battery-Free BLE Sensors Powered by Wireless Power Transfer,Taki Eddine Djidjekh; Quentin Bernyer; Alexandru Takacs,,arxiv,https://arxiv.org/pdf/2609.29213v1,528025
2024_048_Constrained Flooding Based on Time Series Prediction and Lightweight GBN in BLE Mesh.pdf,2024,1,Constrained Flooding Based on Time Series Prediction and Lightweight GBN in BLE Mesh,Junxiang Li; Mingxia Li; Li Wang,10.3390/s24144752,mdpi,https://mdpi-res.com/d_attachment/sensors/sensors-24-04752/article_deploy/sensors-24-04752.pdf,1908639
2025_049_Enhancing Wireless Sensor Networks with Bluetooth Low-Energy Mesh and Ant Colony Optimizat.pdf,2025,1,Enhancing Wireless Sensor Networks with Bluetooth Low-Energy Mesh and Ant Colony Optimization Algorithm,Hussein S. Mohammed; Hayam K. Mustafa; Omar A. Abdulkareem,10.3390/a18090571,mdpi,https://mdpi-res.com/d_attachment/algorithms/algorithms-18-00571/article_deploy/algorithms-18-00571.pdf,1590767
2025_050_Bluetooth-Based Dynamic Nexus Mesh Communication Network for High-Density Urban Interactio.pdf,2025,1,Bluetooth-Based Dynamic Nexus Mesh Communication Network for High-Density Urban Interaction Spaces,Yufei Hu; Ngai Cheong; Muya Yao; Qingwen Long; Yide Yu,10.3390/s25082495,mdpi,https://mdpi-res.com/d_attachment/sensors/sensors-25-02495/article_deploy/sensors-25-02495.pdf,3264443
2024_051_Enhancing Reliability and Stability of BLE Mesh Networks A Multipath Optimized AODV Approa.pdf,2024,1,Enhancing Reliability and Stability of BLE Mesh Networks: A Multipath Optimized AODV Approach,Muhammad Rizwan Ghori; Tat-Chee Wan; Gian Chand Sodhy; Mohammad Aljaidi; Amna Rizwan; Ali Safaa Sadiq; Omprakash Kaiwartya,10.3390/s24185901,mdpi,https://mdpi-res.com/d_attachment/sensors/sensors-24-05901/article_deploy/sensors-24-05901.pdf,637663
"2025_052_Design, Implementation and Practical Evaluation of an Opportunistic Communications Protoco.pdf",2025,1,"Design, Implementation and Practical Evaluation of an Opportunistic Communications Protocol Based on Bluetooth Mesh and libp2p",Ángel Niebla-Montero; Iván Froiz-Míguez; Paula Fraga-Lamas; Tiago M. Fernández-Caramés,10.3390/s25041190,mdpi,https://mdpi-res.com/d_attachment/sensors/sensors-25-01190/article_deploy/sensors-25-01190.pdf,22229323
"2023_053_Bluetooth Low Energy Mesh Applications, Considerations and Current State-of-the-Art.pdf",2023,1,"Bluetooth Low Energy Mesh: Applications, Considerations and Current State-of-the-Art",Iynkaran Natgunanathan; Niroshinie Fernando; Seng W. Loke; Charitha Weerasuriya,10.3390/s23041826,mdpi,https://mdpi-res.com/d_attachment/sensors/sensors-23-01826/article_deploy/sensors-23-01826.pdf,1643977
2022_054_PCO-Based BLE Mesh Accelerator.pdf,2022,1,PCO-Based BLE Mesh Accelerator,Ivan Bukreyev; Hazal Yüksel; Ken Ho; Alyssa Apsel,10.3390/s22145324,mdpi,https://mdpi-res.com/d_attachment/sensors/sensors-22-05324/article_deploy/sensors-22-05324.pdf,4785201
2021_055_ACE A Routing Algorithm Based on Autonomous Channel Scheduling for Bluetooth Mesh Network.pdf,2021,1,ACE: A Routing Algorithm Based on Autonomous Channel Scheduling for Bluetooth Mesh Network,Minyue Wang; Yeming Li; Jiamei Lv; Yi Gao; Cheng Qiao; Baiqiang Liu; Wei Dong,10.3390/electronics11010113,mdpi,https://mdpi-res.com/d_attachment/electronics/electronics-11-00113/article_deploy/electronics-11-00113.pdf,1415811
2021_056_QoS Enabled Heterogeneous BLE Mesh Networks.pdf,2021,1,QoS Enabled Heterogeneous BLE Mesh Networks,Subho Shankar Basu; Mathias Baert; Jeroen Hoebeke,10.3390/jsan10020024,mdpi,https://mdpi-res.com/d_attachment/jsan/jsan-10-00024/article_deploy/jsan-10-00024.pdf,1714396
2021_057_Optimization of the AODV-Based Packet Forwarding Mechanism for BLE Mesh Networks.pdf,2021,1,Optimization of the AODV-Based Packet Forwarding Mechanism for BLE Mesh Networks,Muhammad Rizwan Ghori; Tat-Chee Wan; Gian Chand Sodhy; Amna Rizwan,10.3390/electronics10182274,mdpi,https://mdpi-res.com/d_attachment/electronics/electronics-10-02274/article_deploy/electronics-10-02274.pdf,723052
2020_058_Bluetooth Low Energy Mesh Networks Survey of Communication and Security Protocols.pdf,2020,1,Bluetooth Low Energy Mesh Networks: Survey of Communication and Security Protocols,Muhammad Rizwan Ghori; Tat-Chee Wan; Gian Chand Sodhy,10.3390/s20123590,mdpi,https://mdpi-res.com/d_attachment/sensors/sensors-20-03590/article_deploy/sensors-20-03590.pdf,511862
2020_059_Experimental Evaluation of 6BLEMesh IPv6-Based BLE Mesh Networks.pdf,2020,1,Experimental Evaluation of 6BLEMesh: IPv6-Based BLE Mesh Networks,Seyed Mahdi Darroudi; Carles Gomez,10.3390/s20164623,mdpi,https://mdpi-res.com/d_attachment/sensors/sensors-20-04623/article_deploy/sensors-20-04623.pdf,2954685
2019_060_Bluetooth Mesh Energy Consumption A Model.pdf,2019,1,Bluetooth Mesh Energy Consumption: A Model,Seyed Mahdi Darroudi; Raül Caldera-Sànchez; Carles Gomez,10.3390/s19051238,mdpi,https://mdpi-res.com/d_attachment/sensors/sensors-19-01238/article_deploy/sensors-19-01238.pdf,2934973
2018_061_The Bluetooth Mesh Standard An Overview and Experimental Evaluation.pdf,2018,1,The Bluetooth Mesh Standard: An Overview and Experimental Evaluation,Mathias Baert; Jen Rossey; Adnan Shahid; Jeroen Hoebeke,10.3390/s18082409,mdpi,https://mdpi-res.com/d_attachment/sensors/sensors-18-02409/article_deploy/sensors-18-02409.pdf,1400770
2018_062_A Reconfigurable Mesh-Ring Topology for Bluetooth Sensor Networks.pdf,2018,1,A Reconfigurable Mesh-Ring Topology for Bluetooth Sensor Networks,Ben-Yi Wang; Chih-Min Yu; Yao-Huang Kao,10.3390/en11051163,mdpi,https://mdpi-res.com/d_attachment/energies/energies-11-01163/article_deploy/energies-11-01163.pdf,2534536
2017_063_Bluetooth Low Energy Mesh Networks A Survey.pdf,2017,1,Bluetooth Low Energy Mesh Networks: A Survey,Seyed Darroudi; Carles Gomez,10.3390/s17071467,mdpi,https://mdpi-res.com/d_attachment/sensors/sensors-17-01467/article_deploy/sensors-17-01467.pdf,601123
2026_064_Cross-Protocol Domain Gap in Internet of Things Intrusion and Anomaly Detection An Empiric.pdf,2026,3,Cross-Protocol Domain Gap in Internet of Things Intrusion and Anomaly Detection: An Empirical Internet Protocol-to-Bluetooth Low Energy Study of Domain-Adversarial Training,Hyejin Jin,10.3390/s26041184,mdpi,https://mdpi-res.com/d_attachment/sensors/sensors-26-01184/article_deploy/sensors-26-01184.pdf,2487787
"2025_065_The Newer, the More Secure Standards-Compliant Bluetooth Low Energy Man-in-the-Middle Atta.pdf",2025,3,"The Newer, the More Secure? Standards-Compliant Bluetooth Low Energy Man-in-the-Middle Attacks on Fitness Trackers",Hannah Greß; Björn Krüger; Elmar Tischhauser,10.3390/s25061815,mdpi,https://mdpi-res.com/d_attachment/sensors/sensors-25-01815/article_deploy/sensors-25-01815.pdf,867267
2022_066_On the Security of Bluetooth Low Energy in Two Consumer Wearable Heart Rate MonitorsSensin.pdf,2022,3,On the Security of Bluetooth Low Energy in Two Consumer Wearable Heart Rate Monitors/Sensing Devices,Yeṣem Kurt Peker; Gabriel Bello; Alfredo J. Perez,10.3390/s22030988,mdpi,https://mdpi-res.com/d_attachment/sensors/sensors-22-00988/article_deploy/sensors-22-00988.pdf,1185675
2022_067_Address Privacy of Bluetooth Low Energy.pdf,2022,3,Address Privacy of Bluetooth Low Energy,Dazhi Sun; Yangguang Tian,10.3390/math10224346,mdpi,https://mdpi-res.com/d_attachment/mathematics/mathematics-10-04346/article_deploy/mathematics-10-04346.pdf,993392
2022_068_Secure Bluetooth Communication in Smart Healthcare Systems A Novel Community Dataset and I.pdf,2022,3,Secure Bluetooth Communication in Smart Healthcare Systems: A Novel Community Dataset and Intrusion Detection System,Mohammed Zubair; Ali Ghubaish; Devrim Unal; Abdulla Al-Ali; Thomas Reimann; Guillaume Alinier; Mohammad Hammoudeh; Junaid Qadir,10.3390/s22218280,mdpi,https://mdpi-res.com/d_attachment/sensors/sensors-22-08280/article_deploy/sensors-22-08280.pdf,2666777
2021_069_Using Privacy Respecting Sound Analysis to Improve Bluetooth Based Proximity Detection for.pdf,2021,3,Using Privacy Respecting Sound Analysis to Improve Bluetooth Based Proximity Detection for COVID-19 Exposure Tracing and Social Distancing,Gernot Bahle; Vitor Fortes Rey; Sizhen Bian; Hymalai Bello; Paul Lukowicz,10.3390/s21165604,mdpi,https://mdpi-res.com/d_attachment/sensors/sensors-21-05604/article_deploy/sensors-21-05604.pdf,10059258
2021_070_IoT Security Mechanisms in the Example of BLE.pdf,2021,3,IoT Security Mechanisms in the Example of BLE,Evgeny Kalinin; Danila Belyakov; Dmitry Bragin; Anton Konev,10.3390/computers10120162,mdpi,https://mdpi-res.com/d_attachment/computers/computers-10-00162/article_deploy/computers-10-00162.pdf,428264
2021_071_A Dynamic Light-Weight Symmetric Encryption Algorithm for Secure Data Transmission via BLE.pdf,2021,3,A Dynamic Light-Weight Symmetric Encryption Algorithm for Secure Data Transmission via BLE Beacons,Sam Banani; Surapa Thiemjarus; Kitti Wongthavarawat; Nattapong Ounanong,10.3390/jsan11010002,mdpi,https://mdpi-res.com/d_attachment/jsan/jsan-11-00002/article_deploy/jsan-11-00002.pdf,878955
2020_072_A Bluetooth-Low-Energy-Based Detection and Warning System for Vulnerable Road Users in the.pdf,2020,3,A Bluetooth-Low-Energy-Based Detection and Warning System for Vulnerable Road Users in the Blind Spot of Vehicles,Nick De Raeve; Matthias de Schepper; Jo Verhaevert; Patrick Van Torre; Hendrik Rogier,10.3390/s20092727,mdpi,https://mdpi-res.com/d_attachment/sensors/sensors-20-02727/article_deploy/sensors-20-02727.pdf,29421849
2019_073_On Secure Simple Pairing in Bluetooth Standard v5.0-Part II Privacy Analysis and Enhanceme.pdf,2019,3,On Secure Simple Pairing in Bluetooth Standard v5.0-Part II: Privacy Analysis and Enhancement for Low Energy,Da-Zhi Sun; Li Sun; Ying Yang,10.3390/s19153259,mdpi,https://mdpi-res.com/d_attachment/sensors/sensors-19-03259/article_deploy/sensors-19-03259.pdf,6094366
2019_074_On Secure Simple Pairing in Bluetooth Standard v5.0-Part I Authenticated Link Key Security.pdf,2019,3,On Secure Simple Pairing in Bluetooth Standard v5.0-Part I: Authenticated Link Key Security and Its Home Automation and Entertainment Applications,Da-Zhi Sun; Li Sun,10.3390/s19051158,mdpi,https://mdpi-res.com/d_attachment/sensors/sensors-19-01158/article_deploy/sensors-19-01158.pdf,4928618
2017_075_Bluetooth 5 Energy Management through a Fuzzy-PSO Solution for Mobile Devices of Internet.pdf,2017,3,Bluetooth 5 Energy Management through a Fuzzy-PSO Solution for Mobile Devices of Internet of Things,Giovanni Pau; Mario Collotta; Vincenzo Maniscalco,10.3390/en10070992,mdpi,https://mdpi-res.com/d_attachment/energies/energies-10-00992/article_deploy/energies-10-00992.pdf,608086
2017_076_Toward a Robust Security Paradigm for Bluetooth Low Energy-Based Smart Objects in the Inte.pdf,2017,3,Toward a Robust Security Paradigm for Bluetooth Low Energy-Based Smart Objects in the Internet-of-Things,Shi-Cho Cha; Kuo-Hui Yeh; Jyun-Fu Chen,10.3390/s17102348,mdpi,https://mdpi-res.com/d_attachment/sensors/sensors-17-02348/article_deploy/sensors-17-02348.pdf,840209
2015_077_Provisioning Vehicular Services and Communications Based on a Bluetooth Sensor Network Dep.pdf,2015,3,Provisioning Vehicular Services and Communications Based on a Bluetooth Sensor Network Deployment,David De Cerio; José Valenzuela,10.3390/s150612765,mdpi,https://mdpi-res.com/d_attachment/sensors/sensors-15-12765/article_deploy/sensors-15-12765.pdf,3473825
2012_078_Bluetooth Based Chaos Synchronization Using Particle Swarm Optimization and Its Applicatio.pdf,2012,3,Bluetooth Based Chaos Synchronization Using Particle Swarm Optimization and Its Applications to Image Encryption,Her-Terng Yau; Tzu-Hsiang Hung; Chia-Chun Hsieh,10.3390/s120607468,mdpi,https://mdpi-res.com/d_attachment/sensors/sensors-12-07468/article_deploy/sensors-12-07468.pdf,2540551
2026_079_Terminal-Assisted Web Authentication for Shared Devices with BLE-Based Confirmation Gating.pdf,2026,3,Terminal-Assisted Web Authentication for Shared Devices with BLE-Based Confirmation Gating,Lingguang Lei; Wentao Ma; Qizhen Xu; Guisen Li; Zhijie Zhang,10.3390/electronics15194415,mdpi,https://mdpi-res.com/d_attachment/electronics/electronics-15-04415/article_deploy/electronics-15-04415.pdf,10554424
2022_080_Outdoor Localization Using BLE RSSI and Accessible Pedestrian Signals for the Visually Imp.pdf,2022,3,Outdoor Localization Using BLE RSSI and Accessible Pedestrian Signals for the Visually Impaired at Intersections,Kiyoung Shin; Ryan McConville; Oussama Metatla; Minhye Chang; Chiyoung Han; Junhaeng Lee; Anne Roudaut,10.3390/s22010371,mdpi,https://mdpi-res.com/d_attachment/sensors/sensors-22-00371/article_deploy/sensors-22-00371.pdf,2444207
2025_081_Bluetooth Protocol for Opportunistic Sensor Data Collection on IoT Telemetry Applications.pdf,2025,3,Bluetooth Protocol for Opportunistic Sensor Data Collection on IoT Telemetry Applications,Pablo García-Rivada; Ángel Niebla-Montero; Paula Fraga-Lamas; Tiago M. Fernández-Caramés,10.3390/electronics14163281,mdpi,https://mdpi-res.com/d_attachment/electronics/electronics-14-03281/article_deploy/electronics-14-03281.pdf,10795322
2023_082_Application-Layer Time Synchronization and Data Alignment Method for Multichannel Biosigna.pdf,2023,3,Application-Layer Time Synchronization and Data Alignment Method for Multichannel Biosignal Sensors Using BLE Protocol,Jianan Li; Eric Quintin; He Wang; Benjamin E. McDonald; Todd R. Farrell; Xinming Huang; Edward A. Clancy,10.3390/s23083954,mdpi,https://mdpi-res.com/d_attachment/sensors/sensors-23-03954/article_deploy/sensors-23-03954.pdf,2209598
2023_083_Comparison between Two Time Synchronization and Data Alignment Methods for Multi-Channel W.pdf,2023,3,Comparison between Two Time Synchronization and Data Alignment Methods for Multi-Channel Wearable Biosensor Systems Using BLE Protocol,He Wang; Jianan Li; Benjamin E. McDonald; Todd R. Farrell; Xinming Huang; Edward A. Clancy,10.3390/s23052465,mdpi,https://mdpi-res.com/d_attachment/sensors/sensors-23-02465/article_deploy/sensors-23-02465.pdf,2098358
2017_084_Design and Practical Evaluation of a Family of Lightweight Protocols for Heterogeneous Sen.pdf,2017,3,Design and Practical Evaluation of a Family of Lightweight Protocols for Heterogeneous Sensing through BLE Beacons in IoT Telemetry Applications,Dixys Hernández-Rojas; Tiago Fernández-Caramés; Paula Fraga-Lamas; Carlos Escudero,10.3390/s18010057,mdpi,https://mdpi-res.com/d_attachment/sensors/sensors-18-00057/article_deploy/sensors-18-00057.pdf,3461829
2026_085_Bluetooth Low Energy-Based Docking Solution for Mobile Robots.pdf,2026,4,Bluetooth Low Energy-Based Docking Solution for Mobile Robots,Kyuman Lee,10.3390/electronics15020483,mdpi,https://mdpi-res.com/d_attachment/electronics/electronics-15-00483/article_deploy/electronics-15-00483.pdf,3968836
2026_086_Novel Indoor Positioning System Based on Bluetooth Direction Finding and Machine Learning.pdf,2026,4,Novel Indoor Positioning System Based on Bluetooth Direction Finding and Machine Learning,Hui-Kai Su; Hong-En Zhang; Cheng-Shong Wu; Yuan-Sun Chu,10.3390/engproc2025120067,mdpi,https://mdpi-res.com/d_attachment/engproc/engproc-120-00067/article_deploy/engproc-120-00067.pdf,687712
2025_087_MTRSRP Joint Design of Multi-Triangular Ring and Self-Routing Protocol for BLE Networks.pdf,2025,3,MTRSRP: Joint Design of Multi-Triangular Ring and Self-Routing Protocol for BLE Networks,Tzuen-Wuu Hsieh; Jian-Ping Lin; Chih-Min Yu; Meng-Lin Ku; Li-Chun Wang,10.3390/s25154773,mdpi,https://mdpi-res.com/d_attachment/sensors/sensors-25-04773/article_deploy/sensors-25-04773.pdf,3336540
2026_088_A Graph-Theoretic and Stochastic Analysis of BLE-Assisted Cooperative Wi-Fi Scanning.pdf,2026,4,A Graph-Theoretic and Stochastic Analysis of BLE-Assisted Cooperative Wi-Fi Scanning,Jonghun Han; Hongchan Kim,10.3390/math14173214,mdpi,https://mdpi-res.com/d_attachment/mathematics/mathematics-14-03214/article_deploy/mathematics-14-03214.pdf,718215
2026_089_P3 Persistence-Aware Admission Control for DoS-Resilient BLE Resolvable Private Address Re.pdf,2026,4,P3: Persistence-Aware Admission Control for DoS-Resilient BLE Resolvable Private Address Resolution,Shen Chong; Longcun Wang; Thi-Kien Dao; Trong-The Nguyen,10.3390/electronics15173889,mdpi,https://mdpi-res.com/d_attachment/electronics/electronics-15-03889/article_deploy/electronics-15-03889.pdf,10815287
2026_090_Impact of IoT (BLE) and LTE on Fleet Efficiency An Empirical Case Study of a Bulgarian Log.pdf,2026,4,Impact of IoT (BLE) and LTE on Fleet Efficiency: An Empirical Case Study of a Bulgarian Logistics Company,Rafi Garo Melkonyan; Svetoslav Hristosov Enkov; Vanya Nachkova Melkonyan,10.3390/logistics10090213,mdpi,https://mdpi-res.com/d_attachment/logistics/logistics-10-00213/article_deploy/logistics-10-00213.pdf,325149
2026_091_System Design of a Low-Power BLE Smart Label SoC with Dynamic E-Paper for QR Rendering and.pdf,2026,4,System Design of a Low-Power BLE Smart Label SoC with Dynamic E-Paper for QR Rendering and Temperature Sensing,Luis Miguel Pires; Ruben Azevedo; Filipa Pires,10.3390/designs10030065,mdpi,https://mdpi-res.com/d_attachment/designs/designs-10-00065/article_deploy/designs-10-00065.pdf,6558462
2026_092_A Low-Power Low-IF BLE Receiver Front-End with a Common-Gate TIA and Gm-C Complex Filter f.pdf,2026,4,A Low-Power Low-IF BLE Receiver Front-End with a Common-Gate TIA and Gm-C Complex Filter for Body Area Network Applications,Yajun Xia; Lizhuang Liu; Zhaofeng Zhang,10.3390/electronics15081614,mdpi,https://mdpi-res.com/d_attachment/electronics/electronics-15-01614/article_deploy/electronics-15-01614.pdf,2251268
2025_093_Evolution of Bluetooth Technology BLE in the IoT Ecosystem.pdf,2025,4,Evolution of Bluetooth Technology: BLE in the IoT Ecosystem,Grigorios Koulouras; Stylianos Katsoulis; Fotios Zantalis,10.3390/s25040996,mdpi,https://mdpi-res.com/d_attachment/sensors/sensors-25-00996/article_deploy/sensors-25-00996.pdf,719323
2026_094_Experimental Evaluation of Wi-Fi and BLE Smart Particles in a Rotating Drum Link-Budget-No.pdf,2026,4,Experimental Evaluation of Wi-Fi and BLE Smart Particles in a Rotating Drum: Link-Budget-Normalised RSSI Characterisation and IMU Validation of the Wi-Fi Particle,Nancy Gulati; Tahir Jauhar; Gabriel Lodewijks; Michael Carr; Craig Wheeler,10.3390/s26175481,mdpi,https://mdpi-res.com/d_attachment/sensors/sensors-26-05481/article_deploy/sensors-26-05481.pdf,28728766
2025_095_Diffusion-Based Frequency Hopping for Collision Mitigation in Dense Bluetooth Networks.pdf,2025,4,Diffusion-Based Frequency Hopping for Collision Mitigation in Dense Bluetooth Networks,Giwon Yang; Hyungjoon Shin; Hyogon Kim,10.3390/s25185893,mdpi,https://mdpi-res.com/d_attachment/sensors/sensors-25-05893/article_deploy/sensors-25-05893.pdf,9682550
2025_096_Occupancy Monitoring Using BLE Beacons Intelligent Bluetooth Virtual Door System.pdf,2025,4,Occupancy Monitoring Using BLE Beacons: Intelligent Bluetooth Virtual Door System,Nasrettin Koksal; AbdulRahman Ghannoum; William Melek; Patricia Nieva,10.3390/s25092638,mdpi,https://mdpi-res.com/d_attachment/sensors/sensors-25-02638/article_deploy/sensors-25-02638.pdf,3081213
2025_097_Probabilistic Grid System for Indoor Mobile Localization Using Multi-Power Bluetooth Beaco.pdf,2025,4,Probabilistic Grid System for Indoor Mobile Localization Using Multi-Power Bluetooth Beacon Emulator,Barbara Morawska; Piotr Lipiński; Krzysztof Lichy; Marcin Tomasz Leplawy,10.3390/s25185635,mdpi,https://mdpi-res.com/d_attachment/sensors/sensors-25-05635/article_deploy/sensors-25-05635.pdf,3092318
2025_098_Error Correction in Bluetooth Low Energy via Neural Network with Reject Option.pdf,2025,4,Error Correction in Bluetooth Low Energy via Neural Network with Reject Option,Wellington D. Almeida; Felipe P. Marinho; André L. F. de Almeida; Ajalmar R. Rocha Neto,10.3390/s25196191,mdpi,https://mdpi-res.com/d_attachment/sensors/sensors-25-06191/article_deploy/sensors-25-06191.pdf,9027235
2025_099_Process Optimization with Smart BLE Beacons.pdf,2025,4,Process Optimization with Smart BLE Beacons,Stanimir Kabaivanov; Veneta Markovska,10.3390/engproc2025100012,mdpi,https://mdpi-res.com/d_attachment/engproc/engproc-100-00012/article_deploy/engproc-100-00012.pdf,849434
2025_100_BLE Signal Processing and Machine Learning for Indoor Behavior Classification.pdf,2025,4,BLE Signal Processing and Machine Learning for Indoor Behavior Classification,Yi-Shiun Lee; Yong-Yi Fanjiang; Chi-Huang Hung; Yung-Shiang Huang,10.3390/s25144496,mdpi,https://mdpi-res.com/d_attachment/sensors/sensors-25-04496/article_deploy/sensors-25-04496.pdf,2424676
2025_101_Innovative Indoor Positioning BLE Beacons for Healthcare Tracking.pdf,2025,4,Innovative Indoor Positioning: BLE Beacons for Healthcare Tracking,Erika Skýpalová; Martin Boroš; Tomáš Loveček; Andrej Veľas,10.3390/electronics14102018,mdpi,https://mdpi-res.com/d_attachment/electronics/electronics-14-02018/article_deploy/electronics-14-02018.pdf,2352347
2025_102_BLE Signal Reception and Localization Performance with Varying Receiver and Beacon Setups.pdf,2025,4,BLE Signal Reception and Localization Performance with Varying Receiver and Beacon Setups,Brahim Benaissa; Filip Hendrichovsky; Mansur As; Kaori Yoshida,10.3390/fi17020054,mdpi,https://mdpi-res.com/d_attachment/futureinternet/futureinternet-17-00054/article_deploy/futureinternet-17-00054.pdf,20093390
2025_103_Adaptive Jamming Mitigation for Clustered Energy-Efficient LoRa-BLE Hybrid Wireless Sensor.pdf,2025,4,Adaptive Jamming Mitigation for Clustered Energy-Efficient LoRa-BLE Hybrid Wireless Sensor Networks,Carolina Del-Valle-Soto; Leonardo J. Valdivia; Ramiro Velázquez; José A. Del-Puerto-Flores; José Varela-Aldás; Paolo Visconti,10.3390/s25061931,mdpi,https://mdpi-res.com/d_attachment/sensors/sensors-25-01931/article_deploy/sensors-25-01931.pdf,2850787
2025_104_Enhanced Position Estimation via RSSI Offset Correction in BLE Fingerprinting-Based Indoor.pdf,2025,4,Enhanced Position Estimation via RSSI Offset Correction in BLE Fingerprinting-Based Indoor Positioning,Jingshi Qian; Nobuyoshi Komuro; Won-Suk Kim; Younghwan Yoo,10.3390/fi17100440,mdpi,https://mdpi-res.com/d_attachment/futureinternet/futureinternet-17-00440/article_deploy/futureinternet-17-00440.pdf,1755815
2025_105_BLE-Based Custom Devices for Indoor Positioning in Ambient Assisted Living Systems Design.pdf,2025,4,BLE-Based Custom Devices for Indoor Positioning in Ambient Assisted Living Systems: Design and Prototyping,David Díaz-Jiménez; José L. López Ruiz; Juan Carlos Cuevas-Martínez; Joaquín Torres-Sospedra; Enrique A. Navarro; Macarena Espinilla Estévez,10.3390/s25206499,mdpi,https://mdpi-res.com/d_attachment/sensors/sensors-25-06499/article_deploy/sensors-25-06499.pdf,9240571
2025_106_Computer Model Based on an Asynchronous BLE 5.0 IMU Sensor Network for Biomechanical Appli.pdf,2025,4,Computer Model Based on an Asynchronous BLE 5.0 IMU Sensor Network for Biomechanical Applications,Juan Antonio Mora-Sánchez; Luis Pastor Sánchez-Fernández; Diana Lizet González-Baldovinos; María Teresa Zagaceta-Álvarez; Sandra Dinora Orantes-Jiménez,10.3390/s25237271,mdpi,https://mdpi-res.com/d_attachment/sensors/sensors-25-07271/article_deploy/sensors-25-07271.pdf,22306796
2025_107_Development of a Multidirectional BLE Beacon-Based Radio-Positioning System for Vehicle Na.pdf,2025,4,Development of a Multidirectional BLE Beacon-Based Radio-Positioning System for Vehicle Navigation in GNSS Shadow Roads,Tae-Kyung Sung; Jae-Wook Kwon; Jun-Yeong Jang; Sung-Jin Kim; Won-Woo Lee,10.3390/engproc2025102009,mdpi,https://mdpi-res.com/d_attachment/engproc/engproc-102-00009/article_deploy/engproc-102-00009.pdf,1647804
2025_108_From Fingerprinting to Advanced Machine Learning A Systematic Review of Wi-Fi and BLE-Base.pdf,2025,4,From Fingerprinting to Advanced Machine Learning: A Systematic Review of Wi-Fi and BLE-Based Indoor Positioning Systems,Sara Martín-Frechina; Esther Dura; Ignacio Miralles; Joaquín Torres-Sospedra,10.3390/s25226946,mdpi,https://mdpi-res.com/d_attachment/sensors/sensors-25-06946/article_deploy/sensors-25-06946.pdf,1275976
2024_109_A Bluetooth-Based Automated Agricultural Machinery Positioning System.pdf,2024,4,A Bluetooth-Based Automated Agricultural Machinery Positioning System,Wentao Bian; Yanyi Liu; Yin Wu,10.3390/electronics13244902,mdpi,https://mdpi-res.com/d_attachment/electronics/electronics-13-04902/article_deploy/electronics-13-04902.pdf,4941132
2024_110_Bluetooth Device Identification Using RF Fingerprinting and Jensen-Shannon Divergence.pdf,2024,4,Bluetooth Device Identification Using RF Fingerprinting and Jensen-Shannon Divergence,Rene Francisco Santana-Cruz; Martin Moreno-Guzman; César Enrique Rojas-López; Ricardo Vázquez-Morán; Rubén Vázquez-Medina,10.3390/s24051482,mdpi,https://mdpi-res.com/d_attachment/sensors/sensors-24-01482/article_deploy/sensors-24-01482.pdf,5796174
2024_111_UWB-Assisted Bluetooth Localization Using Regression Models and Multi-Scan Processing.pdf,2024,4,UWB-Assisted Bluetooth Localization Using Regression Models and Multi-Scan Processing,Pan Li; Runyu Guan; Bing Chen; Shaojian Xu; Danli Xiao; Luping Xu; Bo Yan,10.3390/s24196492,mdpi,https://mdpi-res.com/d_attachment/sensors/sensors-24-06492/article_deploy/sensors-24-06492.pdf,9630717
2024_112_Experimental Study of Bluetooth Indoor Positioning Using RSS and Deep Learning Algorithms.pdf,2024,4,Experimental Study of Bluetooth Indoor Positioning Using RSS and Deep Learning Algorithms,Chunxiang Wu; Ieok-Cheng Wong; Yapeng Wang; Wei Ke; Xu Yang,10.3390/math12091386,mdpi,https://mdpi-res.com/d_attachment/mathematics/mathematics-12-01386/article_deploy/mathematics-12-01386.pdf,1252483
2024_113_Design of New BLE GAP Roles for Vehicular Communications.pdf,2024,4,Design of New BLE GAP Roles for Vehicular Communications,Antonio Perez-Yuste; Jordi Pitarch-Blasco; Felix Alejandro Falcon-Darias; Neftali Nuñez,10.3390/s24154835,mdpi,https://mdpi-res.com/d_attachment/sensors/sensors-24-04835/article_deploy/sensors-24-04835.pdf,1401259
2024_114_A Room-Level Indoor Localization Using an Energy-Harvesting BLE Tag.pdf,2024,4,A Room-Level Indoor Localization Using an Energy-Harvesting BLE Tag,Yutao Chen; Yun Wang; Yubin Zhao,10.3390/electronics13224493,mdpi,https://mdpi-res.com/d_attachment/electronics/electronics-13-04493/article_deploy/electronics-13-04493.pdf,2265912
2024_115_Agent-Based Modeling for Construction Resource Positioning Using Digital Twin and BLE Tech.pdf,2024,4,Agent-Based Modeling for Construction Resource Positioning Using Digital Twin and BLE Technologies,Ahmed Abdelalim; Salah Said; Aljawharah Alnaser; Ahmed Sharaf; Adel ElSamadony; Denise-Penelope Kontoni; Mohamed Tantawy,10.3390/buildings14061788,mdpi,https://mdpi-res.com/d_attachment/buildings/buildings-14-01788/article_deploy/buildings-14-01788.pdf,8919502
2024_116_A BLE 5.0 Extended Advertising Backscatter with Commodity Devices in Passive IoT Scenarios.pdf,2024,4,A BLE 5.0 Extended Advertising Backscatter with Commodity Devices in Passive IoT Scenarios,Xiaoming Li; Yuan Yuan; Yabin An; Bin Jiang,10.3390/electronics13050961,mdpi,https://mdpi-res.com/d_attachment/electronics/electronics-13-00961/article_deploy/electronics-13-00961.pdf,2722790
2024_117_Differential Positioning with Bluetooth Low Energy (BLE) Beacons for UAS Indoor Operations.pdf,2024,4,Differential Positioning with Bluetooth Low Energy (BLE) Beacons for UAS Indoor Operations: Analysis and Results,Salvatore Ponte; Gennaro Ariante; Alberto Greco; Giuseppe Del Core,10.3390/s24227170,mdpi,https://mdpi-res.com/d_attachment/sensors/sensors-24-07170/article_deploy/sensors-24-07170.pdf,8804221
2024_118_Improved Particle Filter in Machine Learning-Based BLE Fingerprinting Method to Reduce Ind.pdf,2024,4,Improved Particle Filter in Machine Learning-Based BLE Fingerprinting Method to Reduce Indoor Location Estimation Errors,Jingshi Qian; Jiahe Li; Nobuyoshi Komuro; Won-Suk Kim; Younghwan Yoo,10.3390/fi16060211,mdpi,https://mdpi-res.com/d_attachment/futureinternet/futureinternet-16-00211/article_deploy/futureinternet-16-00211.pdf,7230215
2024_119_WMLinks Wearable Smart Devices and Mobile Phones Linking through Bluetooth Low Energy (BLE.pdf,2024,4,WMLinks: Wearable Smart Devices and Mobile Phones Linking through Bluetooth Low Energy (BLE) and WiFi Signals,Naixuan Guo; Zhaofeng Chen; Heyang Xu; Yu Liu; Zhechun Zhao; Sen Xu,10.3390/electronics13163268,mdpi,https://mdpi-res.com/d_attachment/electronics/electronics-13-03268/article_deploy/electronics-13-03268.pdf,1592590
2024_120_Worker Presence Monitoring in Complex Workplaces Using BLE Beacon-Assisted Multi-Hop IoT N.pdf,2024,4,Worker Presence Monitoring in Complex Workplaces Using BLE Beacon-Assisted Multi-Hop IoT Networks Powered by ESP-NOW,Raihan Uddin; Taewoong Hwang; Insoo Koo,10.3390/electronics13214201,mdpi,https://mdpi-res.com/d_attachment/electronics/electronics-13-04201/article_deploy/electronics-13-04201.pdf,34171911
2023_121_Defending IoT Devices against Bluetooth Worms with Bluetooth OBEX Proxy.pdf,2023,4,Defending IoT Devices against Bluetooth Worms with Bluetooth OBEX Proxy,Fu-Hau Hsu; Min-Hao Wu; Yan-Ling Hwang; Jian-Xin Chen; Jian-Hong Huang; Hao-Jyun Wang; Yi-Wen Lai,10.3390/info14100525,mdpi,https://mdpi-res.com/d_attachment/information/information-14-00525/article_deploy/information-14-00525.pdf,1705635
2023_122_Bluetooth-Based Healthcare Information and Medical Resource Management System.pdf,2023,4,Bluetooth-Based Healthcare Information and Medical Resource Management System,Chao-Shu Chang; Tin-Hao Wu; Yu-Chi Wu; Chin-Chuan Han,10.3390/s23125389,mdpi,https://mdpi-res.com/d_attachment/sensors/sensors-23-05389/article_deploy/sensors-23-05389.pdf,15989066
2023_123_Bluetooth Low Energy Beacon Powered by the Temperature Difference.pdf,2023,4,Bluetooth Low Energy Beacon Powered by the Temperature Difference,Patryk Pyt; Piotr Jankowski-Mihułowicz; Mariusz Węglarski,10.3390/electronics12061278,mdpi,https://mdpi-res.com/d_attachment/electronics/electronics-12-01278/article_deploy/electronics-12-01278.pdf,1094454
2023_124_Proximity Approach to Bluetooth Low Energy-Based Localization in Tunnels.pdf,2023,4,Proximity Approach to Bluetooth Low Energy-Based Localization in Tunnels,Jiří Brož; Tomáš Tichý; Radovan Prokeš; Adam Štencek; Tomáš Šmerda,10.3390/su15043659,mdpi,https://mdpi-res.com/d_attachment/sustainability/sustainability-15-03659/article_deploy/sustainability-15-03659.pdf,10795079
2023_125_Bluetooth 5.0 Suitability Assessment for Emergency Response within Fire Environments.pdf,2023,4,Bluetooth 5.0 Suitability Assessment for Emergency Response within Fire Environments,Brendan Black; Joseph Rafferty; Jose Santos; Andrew Ennis; Philip Perry; Maurice McKee,10.3390/electronics12224599,mdpi,https://mdpi-res.com/d_attachment/electronics/electronics-12-04599/article_deploy/electronics-12-04599.pdf,4572093
2023_126_Triple-Band Notched Ultra-Wideband Microstrip MIMO Antenna with Bluetooth Band.pdf,2023,4,Triple-Band Notched Ultra-Wideband Microstrip MIMO Antenna with Bluetooth Band,Mohamed S. El-Gendy; Mohamed Mamdouh M. Ali; Ernesto Bautista Thompson; Imran Ashraf,10.3390/s23094475,mdpi,https://mdpi-res.com/d_attachment/sensors/sensors-23-04475/article_deploy/sensors-23-04475.pdf,3810233
2023_127_Implantable Intracranial Pressure Sensor with Continuous Bluetooth Transmission via Mobile.pdf,2023,4,Implantable Intracranial Pressure Sensor with Continuous Bluetooth Transmission via Mobile Application,Yasmeen Elsawaf; Erik Jaklitsch; Madison Belyea; Levon Rodriguez; Alexandra Silverman; Halyn Valley; Issam Koleilat; Nasser K. Yaghi; Michael Jaeggli,10.3390/jpm13091318,mdpi,https://mdpi-res.com/d_attachment/jpm/jpm-13-01318/article_deploy/jpm-13-01318.pdf,5252835
2023_128_Short-Range Localization via Bluetooth Using Machine Learning Techniques for Industrial Pr.pdf,2023,4,Short-Range Localization via Bluetooth Using Machine Learning Techniques for Industrial Production Monitoring,Francesco Di Rienzo; Alessandro Madonna; Nicola Carbonaro; Alessandro Tognetti; Antonio Virdis; Carlo Vallati,10.3390/jsan12050075,mdpi,https://mdpi-res.com/d_attachment/jsan/jsan-12-00075/article_deploy/jsan-12-00075.pdf,2505506
2024_129_BLE-Based Indoor Localization Analysis of Some Solutions for Performance Improvement.pdf,2024,4,BLE-Based Indoor Localization: Analysis of Some Solutions for Performance Improvement,Filippo Milano; Helbert da Rocha; Marco Laracca; Luigi Ferrigno; António Espírito Santo; José Salvado; Vincenzo Paciello,10.3390/s24020376,mdpi,https://mdpi-res.com/d_attachment/sensors/sensors-24-00376/article_deploy/sensors-24-00376.pdf,1982295
2023_130_Improving BLE-Based Passive Human Sensing with Deep Learning.pdf,2023,4,Improving BLE-Based Passive Human Sensing with Deep Learning,Giancarlo Iannizzotto; Lucia Lo Bello; Andrea Nucita,10.3390/s23052581,mdpi,https://mdpi-res.com/d_attachment/sensors/sensors-23-02581/article_deploy/sensors-23-02581.pdf,1047276
"2023_131_On Indoor Localization Using WiFi, BLE, UWB, and IMU Technologies.pdf",2023,4,"On Indoor Localization Using WiFi, BLE, UWB, and IMU Technologies",Samuel Leitch; Qasim Ahmed; Waqas Abbas; Maryam Hafeez; Pavlos Lazaridis; Pradorn Sureephong; Temitope Alade,10.3390/s23208598,mdpi,https://mdpi-res.com/d_attachment/sensors/sensors-23-08598/article_deploy/sensors-23-08598.pdf,857296
2023_132_Indoor Content Delivery Solution for a Museum Based on BLE Beacons.pdf,2023,4,Indoor Content Delivery Solution for a Museum Based on BLE Beacons,David Verde; Luís Romero; Pedro Miguel Faria; Sara Paiva,10.3390/s23177403,mdpi,https://mdpi-res.com/d_attachment/sensors/sensors-23-07403/article_deploy/sensors-23-07403.pdf,2114519
2023_133_Intelligent Fusion Structure for Wi-FiBLEQRMEMS Sensor-Based Indoor Localization.pdf,2023,4,Intelligent Fusion Structure for Wi-Fi/BLE/QR/MEMS Sensor-Based Indoor Localization,Yue Yu; Yi Zhang; Liang Chen; Ruizhi Chen,10.3390/rs15051202,mdpi,https://mdpi-res.com/d_attachment/remotesensing/remotesensing-15-01202/article_deploy/remotesensing-15-01202.pdf,4560125
2024_134_Batteryless BLE Module with a Piezoelectric Element Mounted on a Shoe Sole.pdf,2024,4,Batteryless BLE Module with a Piezoelectric Element Mounted on a Shoe Sole,Shusei Dan; Yusuke Yano; Jianqing Wang,10.3390/s24092829,mdpi,https://mdpi-res.com/d_attachment/sensors/sensors-24-02829/article_deploy/sensors-24-02829.pdf,6456952
2023_135_Adaptive Scheme of Denoising Autoencoder for Estimating Indoor Localization Based on RSSI.pdf,2023,4,Adaptive Scheme of Denoising Autoencoder for Estimating Indoor Localization Based on RSSI Analytics in BLE Environment,Kyuri Kim; Jaeho Lee,10.3390/s23125544,mdpi,https://mdpi-res.com/d_attachment/sensors/sensors-23-05544/article_deploy/sensors-23-05544.pdf,8925137
2023_136_Comparing Efficiency and Performance of IoT BLE and RFID-Based Systems for Achieving Conta.pdf,2023,4,Comparing Efficiency and Performance of IoT BLE and RFID-Based Systems for Achieving Contact Tracing to Monitor Infection Spread among Hospital and Office Staff,Maggie Gendy; Phi Tham; Flynn Harrison; Mehmet Yuce,10.3390/s23031397,mdpi,https://mdpi-res.com/d_attachment/sensors/sensors-23-01397/article_deploy/sensors-23-01397.pdf,3588844
2022_137_Evaluation of Bluetooth Detectors in Travel Time Estimation.pdf,2022,4,Evaluation of Bluetooth Detectors in Travel Time Estimation,Krit Jedwanna; Saroch Boonsiripant,10.3390/su14084591,mdpi,https://mdpi-res.com/d_attachment/sustainability/sustainability-14-04591/article_deploy/sustainability-14-04591.pdf,6906488
2022_138_A Perspective on Passive Human Sensing with Bluetooth.pdf,2022,4,A Perspective on Passive Human Sensing with Bluetooth,Giancarlo Iannizzotto; Miryam Milici; Andrea Nucita; Lucia Lo Bello,10.3390/s22093523,mdpi,https://mdpi-res.com/d_attachment/sensors/sensors-22-03523/article_deploy/sensors-22-03523.pdf,1799151
2022_139_Bluetooth-Connected Pocket Spectrometer and Chemometrics for Olive Oil Applications.pdf,2022,4,Bluetooth-Connected Pocket Spectrometer and Chemometrics for Olive Oil Applications,Leonardo Ciaccheri; Barbara Adinolfi; Andrea Azelio Mencaglia; Anna Grazia Mignani,10.3390/foods11152265,mdpi,https://mdpi-res.com/d_attachment/foods/foods-11-02265/article_deploy/foods-11-02265.pdf,1840960
2022_140_A Monopole UWB Antenna for WIFI 7Bluetooth and Satellite Communication.pdf,2022,4,A Monopole UWB Antenna for WIFI 7/Bluetooth and Satellite Communication,Zhonggen Wang; Mingqing Wang; Wenyan Nie,10.3390/sym14091929,mdpi,https://mdpi-res.com/d_attachment/symmetry/symmetry-14-01929/article_deploy/symmetry-14-01929.pdf,1017599
2023_141_Empowering Accessibility BLE Beacon-Based IoT Localization.pdf,2023,4,Empowering Accessibility: BLE Beacon-Based IoT Localization,Patryk Pyt; Kacper Skrobacz; Piotr Jankowski-Mihułowicz; Mariusz Węglarski; Kazimierz Kamuda,10.3390/electronics12194012,mdpi,https://mdpi-res.com/d_attachment/electronics/electronics-12-04012/article_deploy/electronics-12-04012.pdf,7360591
2022_142_Cost-Effective Fitting Model for Indoor Positioning Systems Based on Bluetooth Low Energy.pdf,2022,4,Cost-Effective Fitting Model for Indoor Positioning Systems Based on Bluetooth Low Energy,Sheng-Cheng Yeh; Chia-Hui Wang; Chaur-Heh Hsieh; Yih-Shyh Chiou; Tsung-Pao Cheng,10.3390/s22166007,mdpi,https://mdpi-res.com/d_attachment/sensors/sensors-22-06007/article_deploy/sensors-22-06007.pdf,5048395
2022_143_Deep Learning-Based Indoor Localization Using Multi-View BLE Signal.pdf,2022,4,Deep Learning-Based Indoor Localization Using Multi-View BLE Signal,Aristotelis Koutris; Theodoros Siozos; Yannis Kopsinis; Aggelos Pikrakis; Timon Merk; Matthias Mahlig; Stylianos Papaharalabos; Peter Karlsson,10.3390/s22072759,mdpi,https://mdpi-res.com/d_attachment/sensors/sensors-22-02759/article_deploy/sensors-22-02759.pdf,6115575
2022_144_Estimating Congestion in a Fixed-Route Bus by Using BLE Signals.pdf,2022,4,Estimating Congestion in a Fixed-Route Bus by Using BLE Signals,Yuji Kanamitsu; Eigo Taya; Koki Tachibana; Yugo Nakamura; Yuki Matsuda; Hirohiko Suwa; Keiichi Yasumoto,10.3390/s22030881,mdpi,https://mdpi-res.com/d_attachment/sensors/sensors-22-00881/article_deploy/sensors-22-00881.pdf,2095573
2022_145_Downlink Performance Modeling and Evaluation of Batteryless Low Power BLE Node.pdf,2022,4,Downlink Performance Modeling and Evaluation of Batteryless Low Power BLE Node,Ashish Kumar Sultania; Carmen Delgado; Chris Blondia; Jeroen Famaey,10.3390/s22082841,mdpi,https://mdpi-res.com/d_attachment/sensors/sensors-22-02841/article_deploy/sensors-22-02841.pdf,1050696
2022_146_Combining Multichannel RSSI and Vision with Artificial Neural Networks to Improve BLE Tril.pdf,2022,4,Combining Multichannel RSSI and Vision with Artificial Neural Networks to Improve BLE Trilateration,Sharareh Naghdi; Kyle O’Keefe,10.3390/s22124320,mdpi,https://mdpi-res.com/d_attachment/sensors/sensors-22-04320/article_deploy/sensors-22-04320.pdf,3552017
2022_147_Locating Smartphone Indoors by Using Tightly Coupling Bluetooth Ranging and Accelerometer.pdf,2022,4,Locating Smartphone Indoors by Using Tightly Coupling Bluetooth Ranging and Accelerometer Measurements,Ke Yan; Ruizhi Chen; Guangyi Guo; Liang Chen,10.3390/rs14143468,mdpi,https://mdpi-res.com/d_attachment/remotesensing/remotesensing-14-03468/article_deploy/remotesensing-14-03468.pdf,1962534
2022_148_Graph Optimization Model Fusing BLE Ranging with Wi-Fi Fingerprint for Indoor Positioning.pdf,2022,4,Graph Optimization Model Fusing BLE Ranging with Wi-Fi Fingerprint for Indoor Positioning,Rong Zhou; Puchun Chen; Jing Teng; Fengying Meng,10.3390/s22114045,mdpi,https://mdpi-res.com/d_attachment/sensors/sensors-22-04045/article_deploy/sensors-22-04045.pdf,5054491
2022_149_A Low-Power ADPLL with Calibration-Free RO-Based Injection-Locking TDC for BLE Application.pdf,2022,4,A Low-Power ADPLL with Calibration-Free RO-Based Injection-Locking TDC for BLE Applications,Qinan Chen; Qiang Shan; Zihui Wei; Xiaosong Wang; Shuilong Huang; Yu Liu,10.3390/electronics11131953,mdpi,https://mdpi-res.com/d_attachment/electronics/electronics-11-01953/article_deploy/electronics-11-01953.pdf,3301909
2022_150_Autonomous Vehicles Management in Agriculture with Bluetooth Low Energy (BLE) and Passive.pdf,2022,4,Autonomous Vehicles Management in Agriculture with Bluetooth Low Energy (BLE) and Passive Radio Frequency Identification (RFID) for Obstacle Avoidance,Danilo Monarca; Pierluigi Rossi; Riccardo Alemanno; Filippo Cossio; Paolo Nepa; Andrea Motroni; Roberto Gabbrielli; Marco Pirozzi; Carla Console; Massimo Cecchini,10.3390/su14159393,mdpi,https://mdpi-res.com/d_attachment/sustainability/sustainability-14-09393/article_deploy/sustainability-14-09393.pdf,4226325
2022_151_Future Wireless Communication Technology towards 6G IoT An Application-Based Analysis of I.pdf,2022,4,Future Wireless Communication Technology towards 6G IoT: An Application-Based Analysis of IoT in Real-Time Location Monitoring of Employees Inside Underground Mines by Using BLE,Sushant Kumar Pattnaik; Soumya Ranjan Samal; Shuvabrata Bandopadhaya; Kaliprasanna Swain; Subhashree Choudhury; Jitendra Kumar Das; Albena Mihovska; Vladimir Poulkov,10.3390/s22093438,mdpi,https://mdpi-res.com/d_attachment/sensors/sensors-22-03438/article_deploy/sensors-22-03438.pdf,3433228
2021_152_Wearable Bluetooth Triage Healthcare Monitoring System.pdf,2021,4,Wearable Bluetooth Triage Healthcare Monitoring System,Caitlin Polley; Titus Jayarathna; Upul Gunawardana; Ganesh Naik; Tara Hamilton; Emilio Andreozzi; Paolo Bifulco; Daniele Esposito; Jessica Centracchio; Gaetano Gargiulo,10.3390/s21227586,mdpi,https://mdpi-res.com/d_attachment/sensors/sensors-21-07586/article_deploy/sensors-21-07586.pdf,1612813
"2021_153_Investigating Wi-Fi, Bluetooth, and Bluetooth Low-Energy Signal Characteristics for Integr.pdf",2021,4,"Investigating Wi-Fi, Bluetooth, and Bluetooth Low-Energy Signal Characteristics for Integration in Vehicle–Pedestrian Collision Warning Systems",Shahriar Mohammadi; Karim Ismail; Amir H. Ghods,10.3390/su131910823,mdpi,https://mdpi-res.com/d_attachment/sustainability/sustainability-13-10823/article_deploy/sustainability-13-10823.pdf,3469291
2021_154_Bluetooth Communication Leveraging Ultra-Low Power Radio Design.pdf,2021,4,Bluetooth Communication Leveraging Ultra-Low Power Radio Design,Omar Abdelatty; Xing Chen; Abdullah Alghaihab; David Wentzloff,10.3390/jsan10020031,mdpi,https://mdpi-res.com/d_attachment/jsan/jsan-10-00031/article_deploy/jsan-10-00031.pdf,3663132
2021_155_BACnet Application Layer over Bluetooth—Implementation and Validation.pdf,2021,4,BACnet Application Layer over Bluetooth—Implementation and Validation,Nicoleta Cristina Gaitan; Ioan Ungurean,10.3390/s21020538,mdpi,https://mdpi-res.com/d_attachment/sensors/sensors-21-00538/article_deploy/sensors-21-00538.pdf,1298581
2021_156_Optimizing the Bluetooth Low Energy Service Discovery Process.pdf,2021,4,Optimizing the Bluetooth Low Energy Service Discovery Process,Kristof T’Jonck; Bozheng Pang; Hans Hallez; Jeroen Boydens,10.3390/s21113812,mdpi,https://mdpi-res.com/d_attachment/sensors/sensors-21-03812/article_deploy/sensors-21-03812.pdf,852586
2021_157_Using Bluetooth Low Energy Technology to Perform ToF-Based Positioning.pdf,2021,4,Using Bluetooth Low Energy Technology to Perform ToF-Based Positioning,Antonella Comuniello; Alessio De Angelis; Antonio Moschitta; Paolo Carbone,10.3390/electronics11010111,mdpi,https://mdpi-res.com/d_attachment/electronics/electronics-11-00111/article_deploy/electronics-11-00111.pdf,4314515
2021_158_Detecting Proximity with Bluetooth Low Energy Beacons for Cultural Heritage.pdf,2021,4,Detecting Proximity with Bluetooth Low Energy Beacons for Cultural Heritage,Paolo Barsocchi; Michele Girolami; Davide La Rosa,10.3390/s21217089,mdpi,https://mdpi-res.com/d_attachment/sensors/sensors-21-07089/article_deploy/sensors-21-07089.pdf,6273147
2021_159_Experimental Application of Bluetooth Low Energy Connectionless in Smart Cities.pdf,2021,4,Experimental Application of Bluetooth Low Energy Connectionless in Smart Cities,Juan Carlos García-Ortiz; Javier Silvestre-Blanes; Víctor Sempere-Payá,10.3390/electronics10222735,mdpi,https://mdpi-res.com/d_attachment/electronics/electronics-10-02735/article_deploy/electronics-10-02735.pdf,4533557
2021_160_Obstruction-Aware Signal-Loss-Tolerant Indoor Positioning Using Bluetooth Low Energy.pdf,2021,4,Obstruction-Aware Signal-Loss-Tolerant Indoor Positioning Using Bluetooth Low Energy,Aybars Kerem Taşkan; Hande Alemdar,10.3390/s21030971,mdpi,https://mdpi-res.com/d_attachment/sensors/sensors-21-00971/article_deploy/sensors-21-00971.pdf,6661729
2021_161_Development of Wearable Wireless Electrocardiogram Detection System using Bluetooth Low En.pdf,2021,4,Development of Wearable Wireless Electrocardiogram Detection System using Bluetooth Low Energy,Jaehyo Jung; Siho Shin; Mingu Kang; Kyeung Ho Kang; Youn Tae Kim,10.3390/electronics10050608,mdpi,https://mdpi-res.com/d_attachment/electronics/electronics-10-00608/article_deploy/electronics-10-00608.pdf,1417182
2023_162_Comparison between an RSSI- and an MCPD-Based BLE Indoor Localization System.pdf,2023,4,Comparison between an RSSI- and an MCPD-Based BLE Indoor Localization System,Silvano Cortesi; Christian Vogt; Michele Magno,10.3390/computers12030059,mdpi,https://mdpi-res.com/d_attachment/computers/computers-12-00059/article_deploy/computers-12-00059.pdf,4849187
2021_163_Revisiting Adaptive Frequency Hopping Map Prediction in Bluetooth with Machine Learning Cl.pdf,2021,4,Revisiting Adaptive Frequency Hopping Map Prediction in Bluetooth with Machine Learning Classifiers,Janggoon Lee; Chanhee Park; Heejun Roh,10.3390/en14040928,mdpi,https://mdpi-res.com/d_attachment/energies/energies-14-00928/article_deploy/energies-14-00928.pdf,628893
2021_164_Analysis of the Possibility to Detect Road Vehicles via Bluetooth Technology.pdf,2021,4,Analysis of the Possibility to Detect Road Vehicles via Bluetooth Technology,Răzvan Andrei Gheorghiu; Valentin Iordache; Angel Ciprian Cormoș,10.3390/s21217281,mdpi,https://mdpi-res.com/d_attachment/sensors/sensors-21-07281/article_deploy/sensors-21-07281.pdf,13284659
2021_165_Multilink Internet-of-Things Sensor Communication Based on Bluetooth Low Energy Considerin.pdf,2021,4,Multilink Internet-of-Things Sensor Communication Based on Bluetooth Low Energy Considering Scalability,Dong-Suk Ryu; Yeung-Mo Yeon; Seung-Hee Kim,10.3390/electronics10192335,mdpi,https://mdpi-res.com/d_attachment/electronics/electronics-10-02335/article_deploy/electronics-10-02335.pdf,644018
2021_166_A Practice of BLE RSSI Measurement for Indoor Positioning.pdf,2021,4,A Practice of BLE RSSI Measurement for Indoor Positioning,Ramiro Ramirez; Chien-Yi Huang; Che-An Liao; Po-Ting Lin; Hsin-Wei Lin; Shu-Hao Liang,10.3390/s21155181,mdpi,https://mdpi-res.com/d_attachment/sensors/sensors-21-05181/article_deploy/sensors-21-05181.pdf,2207043
2021_167_Map-Aided Indoor Positioning Algorithm with Complex Deployed BLE Beacons.pdf,2021,4,Map-Aided Indoor Positioning Algorithm with Complex Deployed BLE Beacons,Wuping Liu; Wei Guo; Xinyan Zhu,10.3390/ijgi10080526,mdpi,https://mdpi-res.com/d_attachment/ijgi/ijgi-10-00526/article_deploy/ijgi-10-00526.pdf,2935646
2021_168_Optimized CNNs to Indoor Localization through BLE Sensors Using Improved PSO.pdf,2021,4,Optimized CNNs to Indoor Localization through BLE Sensors Using Improved PSO,Danshi Sun; Erhu Wei; Zhuoxi Ma; Chenxi Wu; Shiyi Xu,10.3390/s21061995,mdpi,https://mdpi-res.com/d_attachment/sensors/sensors-21-01995/article_deploy/sensors-21-01995.pdf,2442536
2021_169_An All-Textile Dual-Band Antenna for BLE and LoRa Wireless Communications.pdf,2021,4,An All-Textile Dual-Band Antenna for BLE and LoRa Wireless Communications,Nur Fatihah Ibrahim; Philip Ayiku Dzabletey; Hyoungsoo Kim; Jae-Young Chung,10.3390/electronics10232967,mdpi,https://mdpi-res.com/d_attachment/electronics/electronics-10-02967/article_deploy/electronics-10-02967.pdf,3217310
2021_170_BLE-Based Indoor Tracking System with Overlapping-Resistant IoT Solution for Tourism Appli.pdf,2021,4,BLE-Based Indoor Tracking System with Overlapping-Resistant IoT Solution for Tourism Applications,Radosław Belka; Roman Stanisław Deniziak; Grzegorz Łukawski; Paweł Pięta,10.3390/s21020329,mdpi,https://mdpi-res.com/d_attachment/sensors/sensors-21-00329/article_deploy/sensors-21-00329.pdf,3848318
2021_171_Enhanced PDR-BLE Compensation Mechanism Based on HMM and AWCLA for Improving Indoor Locali.pdf,2021,4,Enhanced PDR-BLE Compensation Mechanism Based on HMM and AWCLA for Improving Indoor Localization,Harun Jamil; Faiza Qayyum; Faisal Jamil; Do-Hyeun Kim,10.3390/s21216972,mdpi,https://mdpi-res.com/d_attachment/sensors/sensors-21-06972/article_deploy/sensors-21-06972.pdf,2965870
2021_172_D-PARK User-Centric Smart Parking System over BLE-Beacon Based Internet of Things.pdf,2021,4,D-PARK: User-Centric Smart Parking System over BLE-Beacon Based Internet of Things,Soochang Park,10.3390/electronics10050541,mdpi,https://mdpi-res.com/d_attachment/electronics/electronics-10-00541/article_deploy/electronics-10-00541.pdf,2112557
2022_173_A BLE-Connected Piezoresistive and Inertial Chest Band for Remote Monitoring of the Respir.pdf,2022,4,A BLE-Connected Piezoresistive and Inertial Chest Band for Remote Monitoring of the Respiratory Activity by an Android Application: Hardware Design and Software Optimization,Roberto De Fazio; Massimo De Vittorio; Paolo Visconti,10.3390/fi14060183,mdpi,https://mdpi-res.com/d_attachment/futureinternet/futureinternet-14-00183/article_deploy/futureinternet-14-00183-v2.pdf,5634996
2021_174_Development of a Self-Powered Piezo-Resistive Smart Insole Equipped with Low-Power BLE Con.pdf,2021,4,Development of a Self-Powered Piezo-Resistive Smart Insole Equipped with Low-Power BLE Connectivity for Remote Gait Monitoring,Roberto de Fazio; Elisa Perrone; Ramiro Velázquez; Massimo De Vittorio; Paolo Visconti,10.3390/s21134539,mdpi,https://mdpi-res.com/d_attachment/sensors/sensors-21-04539/article_deploy/sensors-21-04539.pdf,6139279
2021_175_Status Estimation and In-Process Connection of Kanbans Using BLE Beacons and LPWA Network.pdf,2021,4,Status Estimation and In-Process Connection of Kanbans Using BLE Beacons and LPWA Network to Implement Intra-Traceability for the Kanban System,Kosuke Shima; Masahiro Yamaguchi; Takumi Yoshida; Takanobu Otsuka,10.3390/s21155038,mdpi,https://mdpi-res.com/d_attachment/sensors/sensors-21-05038/article_deploy/sensors-21-05038.pdf,6140008
2020_176_Anonymous Detection of Traveler Flows Employing Bluetooth Technologies.pdf,2020,4,Anonymous Detection of Traveler Flows Employing Bluetooth Technologies,Ionuț-Cosmin Chiva; Marius Minea; Viviana-Laetitia Minea; Augustin Semenescu,10.3390/proceedings2020063061,mdpi,https://mdpi-res.com/d_attachment/proceedings/proceedings-63-00061/article_deploy/proceedings-63-00061.pdf,4018346
2020_177_Improved Bluetooth Low Energy Sensor Detection for Indoor Localization Services.pdf,2020,4,Improved Bluetooth Low Energy Sensor Detection for Indoor Localization Services,Maja Pušnik; Mitja Galun; Boštjan Šumak,10.3390/s20082336,mdpi,https://mdpi-res.com/d_attachment/sensors/sensors-20-02336/article_deploy/sensors-20-02336.pdf,7434111
2020_178_An Improved Bluetooth Indoor Positioning Method Using Dynamic Fingerprint Window.pdf,2020,4,An Improved Bluetooth Indoor Positioning Method Using Dynamic Fingerprint Window,Ling Ruan; Ling Zhang; Tong Zhou; Yi Long,10.3390/s20247269,mdpi,https://mdpi-res.com/d_attachment/sensors/sensors-20-07269/article_deploy/sensors-20-07269.pdf,4068682
2020_179_A Bluetooth-Based Architecture for Contact Tracing in Healthcare Facilities.pdf,2020,4,A Bluetooth-Based Architecture for Contact Tracing in Healthcare Facilities,Piergiuseppe Di Marco; Pangun Park; Marco Pratesi; Fortunato Santucci,10.3390/jsan10010002,mdpi,https://mdpi-res.com/d_attachment/jsan/jsan-10-00002/article_deploy/jsan-10-00002.pdf,709833
2020_180_Efficient Communication Scheme for Bluetooth Low Energy in Large Scale Applications.pdf,2020,4,Efficient Communication Scheme for Bluetooth Low Energy in Large Scale Applications,Maciej Nikodem; Mariusz Slabicki; Marek Bawiec,10.3390/s20216371,mdpi,https://mdpi-res.com/d_attachment/sensors/sensors-20-06371/article_deploy/sensors-20-06371.pdf,1360174
2020_181_Linear Discriminant Analysis-Based Dynamic Indoor Localization Using Bluetooth Low Energy.pdf,2020,4,Linear Discriminant Analysis-Based Dynamic Indoor Localization Using Bluetooth Low Energy (BLE),Fazli Subhan; Sajid Saleem; Haseeb Bari; Wazir Zada Khan; Saqib Hakak; Shafiq Ahmad; Ahmed M. El-Sherbeeny,10.3390/su122410627,mdpi,https://mdpi-res.com/d_attachment/sustainability/sustainability-12-10627/article_deploy/sustainability-12-10627.pdf,1775137
2020_182_A Low-Cost On-Street Parking Management System Based on Bluetooth Beacons.pdf,2020,4,A Low-Cost On-Street Parking Management System Based on Bluetooth Beacons,Chi-Fang Chien; Hui-Tzu Chen; Chi-Yi Lin,10.3390/s20164559,mdpi,https://mdpi-res.com/d_attachment/sensors/sensors-20-04559/article_deploy/sensors-20-04559.pdf,3586002
2020_183_UWBBLE Tracking System for Elderly People Monitoring.pdf,2020,4,UWB/BLE Tracking System for Elderly People Monitoring,Jerzy Kolakowski; Vitomir Djaja-Josko; Marcin Kolakowski; Katarzyna Broczek,10.3390/s20061574,mdpi,https://mdpi-res.com/d_attachment/sensors/sensors-20-01574/article_deploy/sensors-20-01574.pdf,1704516
2020_184_Detecting and Correcting for Human Obstacles in BLE Trilateration Using Artificial Intelli.pdf,2020,4,Detecting and Correcting for Human Obstacles in BLE Trilateration Using Artificial Intelligence,Sharareh Naghdi; Kyle O’Keefe,10.3390/s20051350,mdpi,https://mdpi-res.com/d_attachment/sensors/sensors-20-01350/article_deploy/sensors-20-01350.pdf,1538610
2020_185_An End-To-End LwM2M-Based Communication Architecture for Multimodal NB-IoTBLE Devices.pdf,2020,4,An End-To-End LwM2M-Based Communication Architecture for Multimodal NB-IoT/BLE Devices,Subho Shankar Basu; Jetmir Haxhibeqiri; Mathias Baert; Bart Moons; Abdulkadir Karaagac; Pieter Crombez; Pieterjan Camerlynck; Jeroen Hoebeke,10.3390/s20082239,mdpi,https://mdpi-res.com/d_attachment/sensors/sensors-20-02239/article_deploy/sensors-20-02239.pdf,1091597
2020_186_Applying Movement Constraints to BLE RSSI-Based Indoor Positioning for Extracting Valid Se.pdf,2020,4,Applying Movement Constraints to BLE RSSI-Based Indoor Positioning for Extracting Valid Semantic Trajectories,Hani Ramadhan; Yoga Yustiawan; Joonho Kwon,10.3390/s20020527,mdpi,https://mdpi-res.com/d_attachment/sensors/sensors-20-00527/article_deploy/sensors-20-00527.pdf,828142
2020_187_A Tool to Calculate the Level of Occupancy in Indoor and Outdoor Spaces Using BLE and Open.pdf,2020,4,A Tool to Calculate the Level of Occupancy in Indoor and Outdoor Spaces Using BLE and Open Data to Be Published in Real-Time,Montserrat Mateos Sánchez; Roberto Berjón Gallinas; M. Encarnación Beato Gutiérrez; Ana M. Fermoso García,10.3390/s20143916,mdpi,https://mdpi-res.com/d_attachment/sensors/sensors-20-03916/article_deploy/sensors-20-03916.pdf,808180
2019_188_25 Years of Bluetooth Technology.pdf,2019,4,25 Years of Bluetooth Technology,Sherali Zeadally; Farhan Siddiqui; Zubair Baig,10.3390/fi11090194,mdpi,https://mdpi-res.com/d_attachment/futureinternet/futureinternet-11-00194/article_deploy/futureinternet-11-00194.pdf,2883798
2019_189_Data Transmission Efficiency in Bluetooth Low Energy Versions.pdf,2019,4,Data Transmission Efficiency in Bluetooth Low Energy Versions,Patricio Bulić; Gašper Kojek; Anton Biasizzo,10.3390/s19173746,mdpi,https://mdpi-res.com/d_attachment/sensors/sensors-19-03746/article_deploy/sensors-19-03746.pdf,4486183
2019_190_Efficient Advertiser Discovery in Bluetooth Low Energy Devices.pdf,2019,4,Efficient Advertiser Discovery in Bluetooth Low Energy Devices,Seung Whan Song; Youn Sang Lee; Fatima Imdad; Muhammad Tabish Niaz; Hyung Seok Kim,10.3390/en12091707,mdpi,https://mdpi-res.com/d_attachment/energies/energies-12-01707/article_deploy/energies-12-01707.pdf,3284758
2019_191_Experimental Evaluation of Advertisement-Based Bluetooth Low Energy Communication.pdf,2019,4,Experimental Evaluation of Advertisement-Based Bluetooth Low Energy Communication,Maciej Nikodem; Marek Bawiec,10.3390/s20010107,mdpi,https://mdpi-res.com/d_attachment/sensors/sensors-20-00107/article_deploy/sensors-20-00107.pdf,1549839
2019_192_Energy Modeling of Neighbor Discovery in Bluetooth Low Energy Networks.pdf,2019,4,Energy Modeling of Neighbor Discovery in Bluetooth Low Energy Networks,Bingqing Luo; Jincheng Gao; Zhixin Sun,10.3390/s19224997,mdpi,https://mdpi-res.com/d_attachment/sensors/sensors-19-04997/article_deploy/sensors-19-04997.pdf,5753253
2019_193_BLE Fingerprint Indoor Localization Algorithm Based on Eight-Neighborhood Template Matchin.pdf,2019,4,BLE Fingerprint Indoor Localization Algorithm Based on Eight-Neighborhood Template Matching,Mingfeng Li; Lichen Zhao; Ding Tan; Xiaozhe Tong,10.3390/s19224859,mdpi,https://mdpi-res.com/d_attachment/sensors/sensors-19-04859/article_deploy/sensors-19-04859.pdf,4893651
"2019_194_Aggregation of GPS, WLAN, and BLE Localization Measurements for Mobile Devices in Simulate.pdf",2019,4,"Aggregation of GPS, WLAN, and BLE Localization Measurements for Mobile Devices in Simulated Environments",Kamil Książek; Krzysztof Grochla,10.3390/s19071694,mdpi,https://mdpi-res.com/d_attachment/sensors/sensors-19-01694/article_deploy/sensors-19-01694.pdf,1185643
2019_195_A Hybrid Method to Improve the BLE-Based Indoor Positioning in a Dense Bluetooth Environme.pdf,2019,4,A Hybrid Method to Improve the BLE-Based Indoor Positioning in a Dense Bluetooth Environment,Ke Huang; Ke He; Xuecheng Du,10.3390/s19020424,mdpi,https://mdpi-res.com/d_attachment/sensors/sensors-19-00424/article_deploy/sensors-19-00424.pdf,3327027
2022_196_Performance Comparison of Native and Hybrid Android Mobile Applications Based on Sensor Da.pdf,2022,4,Performance Comparison of Native and Hybrid Android Mobile Applications Based on Sensor Data-Driven Applications Based on Bluetooth Low Energy (BLE) and Wi-Fi Communication Architecture,Aleksander Kaczmarczyk; Piotr Zając; Wojciech Zabierowski,10.3390/en15134574,mdpi,https://mdpi-res.com/d_attachment/energies/energies-15-04574/article_deploy/energies-15-04574.pdf,2139699
2019_197_Real-Time Healthcare Data Transmission for Remote Patient Monitoring in Patch-Based Hybrid.pdf,2019,4,Real-Time Healthcare Data Transmission for Remote Patient Monitoring in Patch-Based Hybrid OCC/BLE Networks,Moh. Khalid Hasan; Md. Shahjalal; Mostafa Zaman Chowdhury; Yeong Min Jang,10.3390/s19051208,mdpi,https://mdpi-res.com/d_attachment/sensors/sensors-19-01208/article_deploy/sensors-19-01208.pdf,2312540
2019_198_Evaluating the Implications of Varying Bluetooth Low Energy (BLE) Transmission Power Level.pdf,2019,4,Evaluating the Implications of Varying Bluetooth Low Energy (BLE) Transmission Power Levels on Wireless Indoor Localization Accuracy and Precision,Umair Mujtaba Qureshi; Zuneera Umair; Gerhard Petrus Hancke,10.3390/s19153282,mdpi,https://mdpi-res.com/d_attachment/sensors/sensors-19-03282/article_deploy/sensors-19-03282.pdf,3691932
2018_199_Indoor Positioning Based on Bluetooth Low-Energy Beacons Adopting Graph Optimization.pdf,2018,4,Indoor Positioning Based on Bluetooth Low-Energy Beacons Adopting Graph Optimization,Zheng Zuo; Liang Liu; Lei Zhang; Yong Fang,10.3390/s18113736,mdpi,https://mdpi-res.com/d_attachment/sensors/sensors-18-03736/article_deploy/sensors-18-03736.pdf,881216
2021_200_Capacity Control in Indoor Spaces Using Machine Learning Techniques Together with BLE Tech.pdf,2021,4,Capacity Control in Indoor Spaces Using Machine Learning Techniques Together with BLE Technology,M. Encarnación Beato Gutiérrez; Montserrat Mateos Sánchez; Roberto Berjón Gallinas; Ana M. Fermoso García,10.3390/jsan10020035,mdpi,https://mdpi-res.com/d_attachment/jsan/jsan-10-00035/article_deploy/jsan-10-00035.pdf,2238635
2018_201_An IMU-Aided Body-Shadowing Error Compensation Method for Indoor Bluetooth Positioning.pdf,2018,4,An IMU-Aided Body-Shadowing Error Compensation Method for Indoor Bluetooth Positioning,Zhongliang Deng; Xiao Fu; Hanhua Wang,10.3390/s18010304,mdpi,https://mdpi-res.com/d_attachment/sensors/sensors-18-00304/article_deploy/sensors-18-00304.pdf,8244689
2018_202_An Indoor Positioning-Based Mobile Payment System Using Bluetooth Low Energy Technology.pdf,2018,4,An Indoor Positioning-Based Mobile Payment System Using Bluetooth Low Energy Technology,Alexander Yohan; Nai-Wei Lo; Doni Winata,10.3390/s18040974,mdpi,https://mdpi-res.com/d_attachment/sensors/sensors-18-00974/article_deploy/sensors-18-00974.pdf,7341808
"2018_203_Indoor Bluetooth Low Energy Dataset for Localization, Tracking, Occupancy, and Social Inte.pdf",2018,4,"Indoor Bluetooth Low Energy Dataset for Localization, Tracking, Occupancy, and Social Interaction",Paolo Baronti; Paolo Barsocchi; Stefano Chessa; Fabio Mavilia; Filippo Palumbo,10.3390/s18124462,mdpi,https://mdpi-res.com/d_attachment/sensors/sensors-18-04462/article_deploy/sensors-18-04462.pdf,6568951
2018_204_A BLE-Based Pedestrian Navigation System for Car Searching in Indoor Parking Garages.pdf,2018,4,A BLE-Based Pedestrian Navigation System for Car Searching in Indoor Parking Garages,Sheng-Shih Wang,10.3390/s18051442,mdpi,https://mdpi-res.com/d_attachment/sensors/sensors-18-01442/article_deploy/sensors-18-01442.pdf,790370
2018_205_Multi-Residential Activity Labelling in Smart Homes with Wearable Tags Using BLE Technolog.pdf,2018,4,Multi-Residential Activity Labelling in Smart Homes with Wearable Tags Using BLE Technology,Ghassem Mokhtari; Amjad Anvari-Moghaddam; Qing Zhang; Mohanraj Karunanithi,10.3390/s18030908,mdpi,https://mdpi-res.com/d_attachment/sensors/sensors-18-00908/article_deploy/sensors-18-00908.pdf,7456672
2018_206_Developing a BLE Beacon-Based Location System Using Location Fingerprint Positioning for S.pdf,2018,4,Developing a BLE Beacon-Based Location System Using Location Fingerprint Positioning for Smart Home Power Management,ChihKun Ke; MeiYu Wu; YuWei Chan; KeCheng Lu,10.3390/en11123464,mdpi,https://mdpi-res.com/d_attachment/energies/energies-11-03464/article_deploy/energies-11-03464.pdf,7908426
2018_207_A Personalized Healthcare Monitoring System for Diabetic Patients by Utilizing BLE-Based S.pdf,2018,4,A Personalized Healthcare Monitoring System for Diabetic Patients by Utilizing BLE-Based Sensors and Real-Time Data Processing,Ganjar Alfian; Muhammad Syafrudin; Muhammad Fazal Ijaz; M. Alex Syaekhoni; Norma Latif Fitriyani; Jongtae Rhee,10.3390/s18072183,mdpi,https://mdpi-res.com/d_attachment/sensors/sensors-18-02183/article_deploy/sensors-18-02183.pdf,2927034
2017_208_Opportunistic Sensor Data Collection with Bluetooth Low Energy.pdf,2017,4,Opportunistic Sensor Data Collection with Bluetooth Low Energy,Sergio Aguilar; Rafael Vidal; Carles Gomez,10.3390/s17010159,mdpi,https://mdpi-res.com/d_attachment/sensors/sensors-17-00159/article_deploy/sensors-17-00159.pdf,12894359
2017_209_Model-Based Localization and Tracking Using Bluetooth Low-Energy Beacons.pdf,2017,4,Model-Based Localization and Tracking Using Bluetooth Low-Energy Beacons,F. Daniş; Ali Cemgil,10.3390/s17112484,mdpi,https://mdpi-res.com/d_attachment/sensors/sensors-17-02484/article_deploy/sensors-17-02484.pdf,3480714
2017_210_Performance Evaluation of Bluetooth Low Energy A Systematic Review.pdf,2017,4,Performance Evaluation of Bluetooth Low Energy: A Systematic Review,Jacopo Tosi; Fabrizio Taffoni; Marco Santacatterina; Roberto Sannino; Domenico Formica,10.3390/s17122898,mdpi,https://mdpi-res.com/d_attachment/sensors/sensors-17-02898/article_deploy/sensors-17-02898.pdf,26814415
2017_211_Fusing Bluetooth Beacon Data with Wi-Fi Radiomaps for Improved Indoor Localization.pdf,2017,4,Fusing Bluetooth Beacon Data with Wi-Fi Radiomaps for Improved Indoor Localization,Loizos Kanaris; Akis Kokkinis; Antonio Liotta; Stavros Stavrou,10.3390/s17040812,mdpi,https://mdpi-res.com/d_attachment/sensors/sensors-17-00812/article_deploy/sensors-17-00812.pdf,1638827
2021_212_Indoor 3D Localization Scheme Based on BLE Signal Fingerprinting and 1D Convolutional Neur.pdf,2021,4,Indoor 3D Localization Scheme Based on BLE Signal Fingerprinting and 1D Convolutional Neural Network,Shangyi Yang; Chao Sun; Youngok Kim,10.3390/electronics10151758,mdpi,https://mdpi-res.com/d_attachment/electronics/electronics-10-01758/article_deploy/electronics-10-01758.pdf,4553903
2017_213_An Indoor Location-Based Control System Using Bluetooth Beacons for IoT Systems.pdf,2017,4,An Indoor Location-Based Control System Using Bluetooth Beacons for IoT Systems,Jun-Ho Huh; Kyungryong Seo,10.3390/s17122917,mdpi,https://mdpi-res.com/d_attachment/sensors/sensors-17-02917/article_deploy/sensors-17-02917.pdf,5502607
2017_214_An Improved BLE Indoor Localization with Kalman-Based Fusion An Experimental Study.pdf,2017,4,An Improved BLE Indoor Localization with Kalman-Based Fusion: An Experimental Study,Jenny Röbesaat; Peilin Zhang; Mohamed Abdelaal; Oliver Theel,10.3390/s17050951,mdpi,https://mdpi-res.com/d_attachment/sensors/sensors-17-00951/article_deploy/sensors-17-00951.pdf,1233226
2017_215_Analysis and Tools for Improved Management of Connectionless and Connection-Oriented BLE D.pdf,2017,4,Analysis and Tools for Improved Management of Connectionless and Connection-Oriented BLE Devices Coexistence,Antonio Del Campo; Lorenzo Cintioni; Susanna Spinsante; Ennio Gambi,10.3390/s17040792,mdpi,https://mdpi-res.com/d_attachment/sensors/sensors-17-00792/article_deploy/sensors-17-00792.pdf,660189
2017_216_Proposal and Evaluation of BLE Discovery Process Based on New Features of Bluetooth 5.0.pdf,2017,4,Proposal and Evaluation of BLE Discovery Process Based on New Features of Bluetooth 5.0,Ángela Hernández-Solana; David Perez-Diaz-de-Cerio; Antonio Valdovinos; Jose Luis Valenzuela,10.3390/s17091988,mdpi,https://mdpi-res.com/d_attachment/sensors/sensors-17-01988/article_deploy/sensors-17-01988.pdf,4880419
2017_217_Analytical and Experimental Performance Evaluation of BLE Neighbor Discovery Process Inclu.pdf,2017,4,Analytical and Experimental Performance Evaluation of BLE Neighbor Discovery Process Including Non-Idealities of Real Chipsets,David Perez-Diaz de Cerio; Ángela Hernández; Jose Valenzuela; Antonio Valdovinos,10.3390/s17030499,mdpi,https://mdpi-res.com/d_attachment/sensors/sensors-17-00499/article_deploy/sensors-17-00499.pdf,8784069
2017_218_A Low Cost BLE Transceiver with RX Matching Network Reusing PA Load Inductor for WSNs Appl.pdf,2017,4,A Low Cost BLE Transceiver with RX Matching Network Reusing PA Load Inductor for WSNs Applications,Zhen Liang; Bin Li; Mo Huang; Yanqi Zheng; Hui Ye; Ken Xu; Fangming Deng,10.3390/s17040895,mdpi,https://mdpi-res.com/d_attachment/sensors/sensors-17-00895/article_deploy/sensors-17-00895.pdf,13793549
2017_219_Location-Enhanced Activity Recognition in Indoor Environments Using Off the Shelf Smart Wa.pdf,2017,4,Location-Enhanced Activity Recognition in Indoor Environments Using Off the Shelf Smart Watch Technology and BLE Beacons,Avgoustinos Filippoupolitis; William Oliff; Babak Takand; George Loukas,10.3390/s17061230,mdpi,https://mdpi-res.com/d_attachment/sensors/sensors-17-01230/article_deploy/sensors-17-01230.pdf,2363789
2016_220_Smartphone-Based Indoor Localization with Bluetooth Low Energy Beacons.pdf,2016,4,Smartphone-Based Indoor Localization with Bluetooth Low Energy Beacons,Yuan Zhuang; Jun Yang; You Li; Longning Qi; Naser El-Sheimy,10.3390/s16050596,mdpi,https://mdpi-res.com/d_attachment/sensors/sensors-16-00596/article_deploy/sensors-16-00596.pdf,8935313
2015_221_A BluetoothPDR Integration Algorithm for an Indoor Positioning System.pdf,2015,4,A Bluetooth/PDR Integration Algorithm for an Indoor Positioning System,Xin Li; Jian Wang; Chunyan Liu,10.3390/s151024862,mdpi,https://mdpi-res.com/d_attachment/sensors/sensors-15-24862/article_deploy/sensors-15-24862.pdf,1217452
2014_222_Analysis of Latency Performance of Bluetooth Low Energy (BLE) Networks.pdf,2014,4,Analysis of Latency Performance of Bluetooth Low Energy (BLE) Networks,Keuchul Cho; Woojin Park; Moonki Hong; Gisu Park; Wooseong Cho; Jihoon Seo; Kijun Han,10.3390/s150100059,mdpi,https://mdpi-res.com/d_attachment/sensors/sensors-15-00059/article_deploy/sensors-15-00059.pdf,1122154
2018_223_An Interactive Real-Time Locating System Based on Bluetooth Low-Energy Beacon Network †.pdf,2018,4,An Interactive Real-Time Locating System Based on Bluetooth Low-Energy Beacon Network †,You-Wei Lin; Chi-Yi Lin,10.3390/s18051637,mdpi,https://mdpi-res.com/d_attachment/sensors/sensors-18-01637/article_deploy/sensors-18-01637.pdf,4480564
